id,biller_code,biller_name,biller_category,amount,currency,scheduled_for,executed_at,status,customer_id,account_at_biller_last4,funding_source
9001,DU-020,du,TELECOM,460.67,AED,2026-04-23,2026-03-29T21:00:11Z,paid,CUST-00098,1694,linked_account_AED
9002,TS-011,Tadweer,GOVERNMENT,657.29,AED,2026-04-23,2026-04-18T05:33:13Z,paid,CUST-00003,N/A,linked_account_AED
9003,ETI-019,Etisalat,TELECOM,1984.46,AED,2026-04-12,,scheduled,CUST-00084,N/A,linked_account_USD
9004,ADWEA-002,ADWEA,UTILITIES,1090.97,AED,2026-04-14,2026-04-11T18:38:50Z,paid,CUST-00091,7387,wallet
9005,DU-020,du,TELECOM,100.19,AED,2026-04-22,2026-03-28T13:11:46Z,paid,CUST-00098,0515,linked_account_AED
9006,SZHP-007,Sharjah Police Fines,GOVERNMENT,2445.36,AED,2026-04-08,2026-04-26T18:09:28Z,paid,CUST-00006,N/A,wallet
9007,ETI-019,Etisalat,TELECOM,3050.25,AED,2026-04-10,2026-04-02T03:46:28Z,paid,CUST-00095,2496,linked_account_AED
9008,ADWEA-002,ADWEA,UTILITIES,4497.93,AED,2026-04-27,2026-04-16T07:57:36Z,paid,CUST-00003,N/A,linked_account_AED
9009,RTA-009,RTA Salik,GOVERNMENT,1036.23,AED,2026-04-25,2026-03-31T05:27:34Z,paid,CUST-00091,N/A,linked_account_USD
9010,RTA-009,RTA Salik,GOVERNMENT,2208.51,AED,2026-03-28,2026-04-17T15:04:32Z,paid,CUST-00009,2833,linked_account_USD
9011,DU-020,du,TELECOM,4811.26,AED,2026-04-24,2026-03-29T11:25:16Z,paid,CUST-00010,2714,linked_account_USD
9012,RTA-009,RTA Salik,GOVERNMENT,2195.68,AED,2026-04-13,2026-04-13T19:28:37Z,paid,CUST-00097,5222,linked_account_USD
9013,DLD-008,Dubai Land Department,GOVERNMENT,2175.10,AED,2026-04-09,2026-04-23T21:07:28Z,paid,CUST-00085,2740,linked_account_USD
9014,DU-020,du,TELECOM,2955.00,AED,2026-04-18,2026-04-01T05:55:30Z,paid,CUST-00082,6525,wallet
9015,SEWA-003,SEWA,UTILITIES,4054.75,AED,2026-04-14,,scheduled,CUST-00082,4019,wallet
9016,DH-012,Daman Health,INSURANCE,1889.72,AED,2026-04-23,,scheduled,CUST-00004,N/A,linked_account_USD
9017,DEWA-001,DEWA,UTILITIES,3598.17,AED,2026-04-21,2026-04-11T09:21:15Z,paid,CUST-00099,3811,linked_account_AED
9018,DU-020,du,TELECOM,3028.92,AED,2026-04-11,2026-03-30T18:26:09Z,paid,CUST-00009,9959,linked_account_USD
9019,DH-012,Daman Health,INSURANCE,2137.66,AED,2026-04-03,2026-04-11T11:01:54Z,paid,CUST-00007,3229,linked_account_AED
9020,RTA-009,RTA Salik,GOVERNMENT,281.62,AED,2026-04-19,2026-04-20T23:25:18Z,paid,CUST-00085,N/A,linked_account_USD
9021,DLD-008,Dubai Land Department,GOVERNMENT,1220.29,AED,2026-04-27,2026-03-30T01:11:33Z,paid,CUST-00001,N/A,wallet
9022,DLD-008,Dubai Land Department,GOVERNMENT,233.19,AED,2026-04-10,,failed,CUST-00002,5527,wallet
9023,RTA-009,RTA Salik,GOVERNMENT,520.84,AED,2026-04-02,2026-04-12T09:18:42Z,paid,CUST-00009,N/A,linked_account_AED
9024,ADWEA-002,ADWEA,UTILITIES,2804.43,AED,2026-04-17,2026-04-24T17:09:23Z,paid,CUST-00083,N/A,linked_account_AED
9025,DH-012,Daman Health,INSURANCE,4837.41,AED,2026-04-24,,scheduled,CUST-00090,1683,wallet
9026,DEWA-001,DEWA,UTILITIES,4136.01,AED,2026-04-23,2026-04-11T07:50:32Z,paid,CUST-00098,7138,wallet
9027,ADWEA-002,ADWEA,UTILITIES,996.24,AED,2026-03-30,,scheduled,CUST-00097,8807,linked_account_USD
9028,DEWA-001,DEWA,UTILITIES,1335.45,AED,2026-04-02,2026-04-24T16:04:20Z,paid,CUST-00010,N/A,linked_account_AED
9029,TS-011,Tadweer,GOVERNMENT,3968.56,AED,2026-04-15,2026-04-18T17:32:29Z,paid,CUST-00100,N/A,wallet
9030,SEWA-003,SEWA,UTILITIES,1630.70,AED,2026-04-23,,scheduled,CUST-00099,N/A,linked_account_USD
9031,ADWEA-002,ADWEA,UTILITIES,2632.73,AED,2026-04-20,2026-04-03T04:59:16Z,paid,CUST-00009,N/A,wallet
9032,ADWEA-002,ADWEA,UTILITIES,1355.87,AED,2026-04-18,2026-04-09T20:42:51Z,paid,CUST-00088,3971,linked_account_USD
9033,ADWEA-002,ADWEA,UTILITIES,421.96,AED,2026-04-12,2026-04-26T08:42:17Z,paid,CUST-00092,N/A,linked_account_AED
9034,ETI-019,Etisalat,TELECOM,2463.85,AED,2026-04-17,2026-03-29T07:59:27Z,paid,CUST-00095,N/A,linked_account_AED
9035,RTA-009,RTA Salik,GOVERNMENT,3293.68,AED,2026-03-31,2026-04-20T16:28:07Z,paid,CUST-00008,N/A,linked_account_AED
9036,TS-011,Tadweer,GOVERNMENT,2591.65,AED,2026-04-03,2026-04-23T16:01:46Z,paid,CUST-00009,6931,linked_account_USD
9037,DU-020,du,TELECOM,4759.90,AED,2026-04-09,2026-04-19T20:23:43Z,paid,CUST-00085,1755,wallet
9038,DEWA-001,DEWA,UTILITIES,4475.79,AED,2026-04-22,2026-04-03T21:08:23Z,paid,CUST-00092,N/A,linked_account_AED
9039,DU-020,du,TELECOM,635.71,AED,2026-04-10,2026-04-06T01:17:49Z,paid,CUST-00007,N/A,linked_account_USD
9040,DLD-008,Dubai Land Department,GOVERNMENT,2564.24,AED,2026-04-26,2026-04-09T01:10:28Z,paid,CUST-00004,N/A,linked_account_USD
9041,DLD-008,Dubai Land Department,GOVERNMENT,1009.96,AED,2026-04-21,2026-03-29T03:52:58Z,paid,CUST-00009,N/A,linked_account_USD
9042,DLD-008,Dubai Land Department,GOVERNMENT,590.46,AED,2026-04-26,2026-04-21T14:34:45Z,paid,CUST-00008,1887,wallet
9043,TS-011,Tadweer,GOVERNMENT,1367.58,AED,2026-04-25,2026-04-13T15:04:00Z,paid,CUST-00008,N/A,linked_account_AED
9044,ADWEA-002,ADWEA,UTILITIES,1138.45,AED,2026-04-01,,scheduled,CUST-00009,8112,wallet
9045,ETI-019,Etisalat,TELECOM,1770.78,AED,2026-04-18,2026-04-13T00:28:51Z,paid,CUST-00094,0050,wallet
9046,EI-010,Emirates ID,GOVERNMENT,4543.52,AED,2026-04-08,2026-04-12T04:16:18Z,paid,CUST-00098,3909,linked_account_AED
9047,DH-012,Daman Health,INSURANCE,393.80,AED,2026-04-22,2026-04-04T21:38:05Z,paid,CUST-00005,N/A,linked_account_AED
9048,SZHP-007,Sharjah Police Fines,GOVERNMENT,153.09,AED,2026-04-19,,scheduled,CUST-00006,N/A,linked_account_AED
9049,TS-011,Tadweer,GOVERNMENT,54.98,AED,2026-03-31,2026-04-21T16:33:22Z,paid,CUST-00002,N/A,wallet
9050,EI-010,Emirates ID,GOVERNMENT,2540.58,AED,2026-04-03,2026-04-22T10:35:13Z,paid,CUST-00004,N/A,linked_account_AED
9051,RTA-009,RTA Salik,GOVERNMENT,3687.33,AED,2026-04-10,2026-04-03T09:11:40Z,paid,CUST-00009,N/A,wallet
9052,SZHP-007,Sharjah Police Fines,GOVERNMENT,1540.61,AED,2026-04-17,,scheduled,CUST-00095,N/A,wallet
9053,DU-020,du,TELECOM,3444.63,AED,2026-04-04,2026-04-19T19:41:01Z,paid,CUST-00084,3608,linked_account_AED
9054,RTA-009,RTA Salik,GOVERNMENT,202.98,AED,2026-04-09,2026-04-06T02:10:28Z,paid,CUST-00082,3380,wallet
9055,DLD-008,Dubai Land Department,GOVERNMENT,3211.73,AED,2026-03-28,2026-03-31T13:07:35Z,paid,CUST-00099,7360,linked_account_AED
9056,DH-012,Daman Health,INSURANCE,1776.78,AED,2026-04-17,2026-04-06T17:49:01Z,paid,CUST-00009,5067,wallet
9057,TS-011,Tadweer,GOVERNMENT,2624.38,AED,2026-04-17,,scheduled,CUST-00004,N/A,linked_account_USD
9058,SZHP-007,Sharjah Police Fines,GOVERNMENT,1477.62,AED,2026-04-27,2026-04-19T20:34:48Z,paid,CUST-00085,N/A,linked_account_USD
9059,EI-010,Emirates ID,GOVERNMENT,3338.39,AED,2026-04-18,2026-04-23T20:42:59Z,paid,CUST-00096,4828,linked_account_AED
9060,DEWA-001,DEWA,UTILITIES,1125.76,AED,2026-04-01,2026-04-24T10:01:32Z,paid,CUST-00086,5010,linked_account_AED
9061,SZHP-007,Sharjah Police Fines,GOVERNMENT,3318.25,AED,2026-04-27,2026-04-20T07:32:46Z,paid,CUST-00082,4641,wallet
9062,DU-020,du,TELECOM,756.09,AED,2026-04-04,2026-03-29T14:09:50Z,paid,CUST-00100,N/A,wallet
9063,DEWA-001,DEWA,UTILITIES,2392.23,AED,2026-04-16,2026-04-08T05:59:49Z,paid,CUST-00084,6539,linked_account_AED
9064,DU-020,du,TELECOM,3005.34,AED,2026-04-22,2026-04-11T08:17:02Z,paid,CUST-00096,9472,linked_account_USD
9065,ETI-019,Etisalat,TELECOM,1287.60,AED,2026-04-14,2026-04-12T09:14:14Z,paid,CUST-00010,N/A,linked_account_USD
9066,DH-012,Daman Health,INSURANCE,2332.71,AED,2026-04-22,2026-04-05T18:58:59Z,paid,CUST-00004,N/A,linked_account_USD
9067,SZHP-007,Sharjah Police Fines,GOVERNMENT,2543.89,AED,2026-04-06,2026-04-04T06:17:57Z,paid,CUST-00082,N/A,linked_account_AED
9068,DLD-008,Dubai Land Department,GOVERNMENT,2333.36,AED,2026-03-29,2026-04-06T13:35:40Z,paid,CUST-00003,N/A,wallet
9069,TS-011,Tadweer,GOVERNMENT,2585.42,AED,2026-04-23,2026-03-30T13:03:29Z,paid,CUST-00099,4806,linked_account_AED
9070,SEWA-003,SEWA,UTILITIES,2044.56,AED,2026-04-27,2026-04-01T20:28:36Z,paid,CUST-00085,0890,wallet
9071,DU-020,du,TELECOM,4157.98,AED,2026-04-07,2026-03-29T03:32:39Z,paid,CUST-00004,N/A,linked_account_USD
9072,SZHP-007,Sharjah Police Fines,GOVERNMENT,4328.35,AED,2026-04-24,2026-04-02T04:51:02Z,paid,CUST-00094,0868,linked_account_USD
9073,SEWA-003,SEWA,UTILITIES,2832.14,AED,2026-03-28,2026-04-16T03:33:11Z,paid,CUST-00099,N/A,linked_account_USD
9074,DU-020,du,TELECOM,3609.75,AED,2026-03-29,2026-04-03T10:59:11Z,paid,CUST-00090,3288,wallet
9075,DEWA-001,DEWA,UTILITIES,807.46,AED,2026-03-30,2026-04-22T07:08:45Z,paid,CUST-00008,3347,linked_account_AED
9076,DEWA-001,DEWA,UTILITIES,4172.00,AED,2026-04-13,2026-04-21T02:04:46Z,paid,CUST-00010,N/A,wallet
9077,ETI-019,Etisalat,TELECOM,4216.52,AED,2026-04-10,2026-03-28T06:04:59Z,paid,CUST-00092,7194,linked_account_AED
9078,SEWA-003,SEWA,UTILITIES,3199.18,AED,2026-04-22,2026-04-15T07:35:07Z,paid,CUST-00006,8380,linked_account_AED
9079,RTA-009,RTA Salik,GOVERNMENT,1485.68,AED,2026-04-06,2026-03-29T10:02:26Z,paid,CUST-00086,N/A,linked_account_AED
9080,DLD-008,Dubai Land Department,GOVERNMENT,3503.38,AED,2026-04-24,2026-04-06T09:02:02Z,paid,CUST-00005,N/A,linked_account_AED
9081,ADWEA-002,ADWEA,UTILITIES,2842.83,AED,2026-04-27,2026-04-25T08:17:24Z,paid,CUST-00091,7282,linked_account_AED
9082,SEWA-003,SEWA,UTILITIES,2366.14,AED,2026-04-04,2026-04-26T13:22:28Z,paid,CUST-00006,5861,linked_account_AED
9083,EI-010,Emirates ID,GOVERNMENT,1983.59,AED,2026-04-25,2026-04-19T15:36:11Z,paid,CUST-00082,N/A,linked_account_AED
9084,SEWA-003,SEWA,UTILITIES,1427.78,AED,2026-04-03,2026-04-07T21:02:24Z,paid,CUST-00003,N/A,linked_account_AED
9085,TS-011,Tadweer,GOVERNMENT,3311.91,AED,2026-04-09,2026-04-02T09:19:31Z,paid,CUST-00095,N/A,wallet
9086,SZHP-007,Sharjah Police Fines,GOVERNMENT,2964.82,AED,2026-04-09,2026-03-28T00:35:23Z,paid,CUST-00097,6615,wallet
9087,DEWA-001,DEWA,UTILITIES,4267.55,AED,2026-04-22,2026-04-21T20:14:40Z,paid,CUST-00086,N/A,wallet
9088,ETI-019,Etisalat,TELECOM,571.89,AED,2026-03-30,2026-04-08T08:30:38Z,paid,CUST-00095,6882,wallet
9089,TS-011,Tadweer,GOVERNMENT,1289.90,AED,2026-04-26,,scheduled,CUST-00003,N/A,linked_account_USD
9090,DH-012,Daman Health,INSURANCE,4211.36,AED,2026-03-29,2026-04-21T18:33:58Z,paid,CUST-00093,N/A,wallet
9091,DH-012,Daman Health,INSURANCE,2890.21,AED,2026-04-21,2026-04-03T03:49:25Z,paid,CUST-00085,4687,wallet
9092,SEWA-003,SEWA,UTILITIES,2198.61,AED,2026-04-11,,scheduled,CUST-00007,1409,linked_account_USD
9093,DH-012,Daman Health,INSURANCE,526.22,AED,2026-04-26,,scheduled,CUST-00099,N/A,linked_account_AED
9094,TS-011,Tadweer,GOVERNMENT,2755.58,AED,2026-04-25,2026-04-01T08:39:20Z,paid,CUST-00086,3115,linked_account_USD
9095,RTA-009,RTA Salik,GOVERNMENT,2529.21,AED,2026-04-16,2026-03-30T21:04:14Z,paid,CUST-00098,2258,linked_account_AED
9096,DLD-008,Dubai Land Department,GOVERNMENT,3146.08,AED,2026-03-31,2026-04-23T04:57:22Z,paid,CUST-00005,N/A,wallet
9097,ADWEA-002,ADWEA,UTILITIES,2518.63,AED,2026-04-26,2026-04-10T22:27:02Z,paid,CUST-00001,N/A,linked_account_AED
9098,DLD-008,Dubai Land Department,GOVERNMENT,3531.20,AED,2026-04-25,,scheduled,CUST-00006,4719,linked_account_USD
9099,TS-011,Tadweer,GOVERNMENT,1244.92,AED,2026-04-11,,failed,CUST-00087,N/A,linked_account_USD
9100,DEWA-001,DEWA,UTILITIES,2752.41,AED,2026-03-30,2026-04-04T03:16:13Z,paid,CUST-00100,4309,wallet
9101,SZHP-007,Sharjah Police Fines,GOVERNMENT,2135.96,AED,2026-04-21,2026-04-24T02:48:13Z,paid,CUST-00005,N/A,linked_account_USD
9102,DEWA-001,DEWA,UTILITIES,1216.31,AED,2026-04-25,,scheduled,CUST-00089,9994,linked_account_AED
9103,ADWEA-002,ADWEA,UTILITIES,4752.04,AED,2026-04-08,2026-04-23T02:06:07Z,paid,CUST-00099,N/A,wallet
9104,DU-020,du,TELECOM,3630.48,AED,2026-04-24,2026-04-02T08:35:54Z,paid,CUST-00008,N/A,linked_account_AED
9105,DU-020,du,TELECOM,3918.63,AED,2026-03-30,,failed,CUST-00001,0906,wallet
9106,EI-010,Emirates ID,GOVERNMENT,3060.29,AED,2026-04-15,2026-04-26T02:55:05Z,paid,CUST-00088,7899,linked_account_AED
9107,DLD-008,Dubai Land Department,GOVERNMENT,3492.43,AED,2026-04-14,2026-03-31T07:44:02Z,paid,CUST-00005,N/A,wallet
9108,TS-011,Tadweer,GOVERNMENT,4913.55,AED,2026-04-16,2026-04-10T08:13:47Z,paid,CUST-00084,0949,wallet
9109,ADWEA-002,ADWEA,UTILITIES,2963.66,AED,2026-04-20,2026-03-31T23:15:41Z,paid,CUST-00089,0750,linked_account_USD
9110,ETI-019,Etisalat,TELECOM,4072.48,AED,2026-04-25,2026-04-05T17:02:44Z,paid,CUST-00006,4630,linked_account_AED
9111,SZHP-007,Sharjah Police Fines,GOVERNMENT,3031.96,AED,2026-03-30,2026-04-12T19:18:53Z,paid,CUST-00005,N/A,linked_account_AED
9112,DH-012,Daman Health,INSURANCE,655.76,AED,2026-04-25,2026-03-31T14:36:23Z,paid,CUST-00007,N/A,wallet
9113,RTA-009,RTA Salik,GOVERNMENT,3580.01,AED,2026-03-28,2026-03-31T05:33:57Z,paid,CUST-00010,N/A,linked_account_AED
9114,EI-010,Emirates ID,GOVERNMENT,2542.05,AED,2026-04-26,2026-04-07T01:20:38Z,paid,CUST-00093,N/A,wallet
9115,ETI-019,Etisalat,TELECOM,4564.64,AED,2026-04-01,,failed,CUST-00008,4996,wallet
9116,SZHP-007,Sharjah Police Fines,GOVERNMENT,3638.31,AED,2026-04-02,2026-04-15T14:04:58Z,paid,CUST-00093,N/A,wallet
9117,DEWA-001,DEWA,UTILITIES,2519.59,AED,2026-04-26,2026-03-29T10:39:02Z,paid,CUST-00083,4921,wallet
9118,DU-020,du,TELECOM,4280.14,AED,2026-04-15,2026-04-08T10:15:09Z,paid,CUST-00083,7274,wallet
9119,ETI-019,Etisalat,TELECOM,1927.67,AED,2026-04-06,2026-04-24T11:06:48Z,paid,CUST-00092,4999,linked_account_USD
9120,SZHP-007,Sharjah Police Fines,GOVERNMENT,4689.26,AED,2026-03-29,2026-04-10T16:16:39Z,paid,CUST-00100,4301,wallet
9121,SZHP-007,Sharjah Police Fines,GOVERNMENT,3642.64,AED,2026-04-08,2026-04-06T05:52:09Z,paid,CUST-00096,0935,linked_account_USD
9122,DLD-008,Dubai Land Department,GOVERNMENT,4764.74,AED,2026-03-29,2026-04-01T00:57:29Z,paid,CUST-00085,N/A,wallet
9123,DLD-008,Dubai Land Department,GOVERNMENT,2363.30,AED,2026-03-29,2026-04-26T06:18:37Z,paid,CUST-00009,4495,wallet
9124,EI-010,Emirates ID,GOVERNMENT,1514.33,AED,2026-04-09,2026-03-28T02:50:08Z,paid,CUST-00009,N/A,linked_account_USD
9125,DU-020,du,TELECOM,3923.01,AED,2026-04-02,,scheduled,CUST-00001,N/A,linked_account_USD
9126,DH-012,Daman Health,INSURANCE,1638.90,AED,2026-04-19,,scheduled,CUST-00085,7581,linked_account_AED
9127,DEWA-001,DEWA,UTILITIES,2358.88,AED,2026-03-28,2026-03-30T23:30:16Z,paid,CUST-00007,6694,linked_account_USD
9128,ADWEA-002,ADWEA,UTILITIES,1418.41,AED,2026-04-08,2026-04-23T21:23:03Z,paid,CUST-00085,N/A,linked_account_AED
9129,DU-020,du,TELECOM,4351.82,AED,2026-04-23,2026-04-18T12:41:54Z,paid,CUST-00005,0812,wallet
9130,DH-012,Daman Health,INSURANCE,240.58,AED,2026-04-06,2026-04-05T15:00:11Z,paid,CUST-00089,5199,linked_account_USD
9131,ETI-019,Etisalat,TELECOM,351.02,AED,2026-04-05,,failed,CUST-00009,N/A,linked_account_USD
9132,DEWA-001,DEWA,UTILITIES,3022.87,AED,2026-04-16,2026-04-02T09:22:29Z,paid,CUST-00085,1854,wallet
9133,ETI-019,Etisalat,TELECOM,1662.66,AED,2026-04-16,,scheduled,CUST-00092,6815,linked_account_USD
9134,DLD-008,Dubai Land Department,GOVERNMENT,4385.47,AED,2026-04-23,2026-03-28T12:49:57Z,paid,CUST-00096,N/A,linked_account_AED
9135,DH-012,Daman Health,INSURANCE,1904.84,AED,2026-03-28,,failed,CUST-00090,0510,linked_account_AED
9136,DEWA-001,DEWA,UTILITIES,1489.82,AED,2026-04-23,,failed,CUST-00001,1740,linked_account_AED
9137,EI-010,Emirates ID,GOVERNMENT,3593.05,AED,2026-04-04,2026-03-29T18:31:09Z,paid,CUST-00093,5636,linked_account_AED
9138,TS-011,Tadweer,GOVERNMENT,211.37,AED,2026-04-04,2026-04-23T04:36:18Z,paid,CUST-00003,N/A,linked_account_USD
9139,ADWEA-002,ADWEA,UTILITIES,4245.60,AED,2026-04-11,,scheduled,CUST-00090,N/A,linked_account_AED
9140,DU-020,du,TELECOM,1015.37,AED,2026-04-09,2026-04-15T03:41:09Z,paid,CUST-00081,N/A,wallet
9141,RTA-009,RTA Salik,GOVERNMENT,1608.34,AED,2026-04-24,2026-04-05T09:31:44Z,paid,CUST-00094,N/A,wallet
9142,SZHP-007,Sharjah Police Fines,GOVERNMENT,2824.26,AED,2026-04-25,,failed,CUST-00091,7932,linked_account_AED
9143,DLD-008,Dubai Land Department,GOVERNMENT,1187.33,AED,2026-04-01,,scheduled,CUST-00005,8808,linked_account_AED
9144,DH-012,Daman Health,INSURANCE,2944.54,AED,2026-04-23,2026-04-13T01:45:17Z,paid,CUST-00081,5142,wallet
9145,DLD-008,Dubai Land Department,GOVERNMENT,2134.06,AED,2026-04-23,2026-04-17T09:11:31Z,paid,CUST-00099,N/A,wallet
9146,SEWA-003,SEWA,UTILITIES,647.90,AED,2026-04-19,,scheduled,CUST-00093,7698,wallet
9147,DEWA-001,DEWA,UTILITIES,4177.60,AED,2026-04-27,2026-04-23T10:55:55Z,paid,CUST-00005,N/A,linked_account_AED
9148,SZHP-007,Sharjah Police Fines,GOVERNMENT,680.89,AED,2026-04-05,2026-04-12T18:10:26Z,paid,CUST-00004,N/A,linked_account_USD
9149,TS-011,Tadweer,GOVERNMENT,3102.32,AED,2026-04-04,2026-04-09T18:26:40Z,paid,CUST-00085,N/A,linked_account_USD
9150,DLD-008,Dubai Land Department,GOVERNMENT,1481.99,AED,2026-04-12,2026-04-18T02:15:52Z,paid,CUST-00094,9659,wallet
9151,DEWA-001,DEWA,UTILITIES,2988.09,AED,2026-04-16,2026-04-04T23:36:10Z,paid,CUST-00083,N/A,wallet
9152,EI-010,Emirates ID,GOVERNMENT,3626.54,AED,2026-04-19,,failed,CUST-00004,N/A,linked_account_AED
9153,SZHP-007,Sharjah Police Fines,GOVERNMENT,289.03,AED,2026-04-11,,scheduled,CUST-00089,N/A,linked_account_AED
9154,SZHP-007,Sharjah Police Fines,GOVERNMENT,1951.14,AED,2026-04-03,2026-04-20T01:09:51Z,paid,CUST-00002,N/A,linked_account_USD
9155,DU-020,du,TELECOM,2896.93,AED,2026-04-08,2026-04-10T03:18:47Z,paid,CUST-00010,2713,linked_account_AED
9156,DU-020,du,TELECOM,2458.85,AED,2026-04-20,,scheduled,CUST-00010,4250,wallet
9157,DH-012,Daman Health,INSURANCE,1429.21,AED,2026-04-24,2026-04-02T07:19:26Z,paid,CUST-00095,2766,linked_account_USD
9158,DEWA-001,DEWA,UTILITIES,4801.29,AED,2026-04-10,2026-04-17T12:39:15Z,paid,CUST-00001,8001,linked_account_AED
9159,ETI-019,Etisalat,TELECOM,1445.10,AED,2026-03-28,2026-04-05T09:44:31Z,paid,CUST-00087,N/A,linked_account_AED
9160,ADWEA-002,ADWEA,UTILITIES,3595.44,AED,2026-03-29,,scheduled,CUST-00085,N/A,linked_account_AED
9161,ADWEA-002,ADWEA,UTILITIES,4329.29,AED,2026-04-19,2026-04-21T08:18:41Z,paid,CUST-00082,1295,linked_account_USD
9162,ADWEA-002,ADWEA,UTILITIES,1669.22,AED,2026-04-11,2026-04-04T23:40:34Z,paid,CUST-00091,8402,linked_account_USD
9163,SZHP-007,Sharjah Police Fines,GOVERNMENT,4466.75,AED,2026-04-26,2026-04-01T16:38:43Z,paid,CUST-00081,3119,linked_account_USD
9164,DH-012,Daman Health,INSURANCE,89.45,AED,2026-04-23,2026-04-16T07:26:15Z,paid,CUST-00092,N/A,linked_account_AED
9165,SEWA-003,SEWA,UTILITIES,2448.31,AED,2026-04-22,2026-04-13T06:44:52Z,paid,CUST-00005,3253,linked_account_USD
9166,ETI-019,Etisalat,TELECOM,65.83,AED,2026-04-25,2026-03-28T07:52:50Z,paid,CUST-00007,2918,linked_account_AED
9167,DU-020,du,TELECOM,3086.22,AED,2026-04-07,2026-04-10T01:43:51Z,paid,CUST-00086,8691,linked_account_AED
9168,ETI-019,Etisalat,TELECOM,4381.44,AED,2026-04-06,2026-04-07T23:02:32Z,paid,CUST-00090,N/A,linked_account_AED
9169,ADWEA-002,ADWEA,UTILITIES,1133.71,AED,2026-03-28,,scheduled,CUST-00095,N/A,linked_account_AED
9170,SZHP-007,Sharjah Police Fines,GOVERNMENT,1274.61,AED,2026-04-14,2026-04-04T10:32:37Z,paid,CUST-00081,N/A,linked_account_USD
9171,DLD-008,Dubai Land Department,GOVERNMENT,3538.85,AED,2026-04-03,,scheduled,CUST-00097,N/A,linked_account_USD
9172,ETI-019,Etisalat,TELECOM,193.36,AED,2026-04-19,2026-04-07T03:28:26Z,paid,CUST-00002,N/A,linked_account_AED
9173,DH-012,Daman Health,INSURANCE,1622.21,AED,2026-04-15,,scheduled,CUST-00084,N/A,wallet
9174,DU-020,du,TELECOM,2453.25,AED,2026-04-20,2026-04-24T18:50:21Z,paid,CUST-00010,N/A,wallet
9175,TS-011,Tadweer,GOVERNMENT,4384.33,AED,2026-04-10,2026-04-21T15:28:23Z,paid,CUST-00090,5401,linked_account_USD
9176,EI-010,Emirates ID,GOVERNMENT,148.60,AED,2026-04-04,2026-04-08T14:12:50Z,paid,CUST-00003,N/A,linked_account_USD
9177,ADWEA-002,ADWEA,UTILITIES,3291.91,AED,2026-04-11,2026-04-01T00:07:45Z,paid,CUST-00007,N/A,linked_account_USD
9178,ETI-019,Etisalat,TELECOM,1486.43,AED,2026-04-22,,failed,CUST-00081,6773,linked_account_USD
9179,ETI-019,Etisalat,TELECOM,4703.07,AED,2026-04-26,,scheduled,CUST-00095,8627,linked_account_USD
9180,DLD-008,Dubai Land Department,GOVERNMENT,3967.15,AED,2026-04-26,2026-04-12T08:45:59Z,paid,CUST-00001,3768,wallet
9181,DU-020,du,TELECOM,3762.08,AED,2026-04-01,,scheduled,CUST-00091,6565,linked_account_USD
9182,DU-020,du,TELECOM,4316.82,AED,2026-04-25,2026-04-06T20:02:50Z,paid,CUST-00001,0241,wallet
9183,TS-011,Tadweer,GOVERNMENT,3973.47,AED,2026-04-21,,scheduled,CUST-00098,N/A,linked_account_AED
9184,EI-010,Emirates ID,GOVERNMENT,3730.24,AED,2026-04-18,2026-04-17T03:52:35Z,paid,CUST-00004,N/A,linked_account_AED
9185,DU-020,du,TELECOM,2176.20,AED,2026-04-20,,failed,CUST-00088,N/A,linked_account_AED
9186,EI-010,Emirates ID,GOVERNMENT,2557.64,AED,2026-04-15,2026-04-02T20:54:45Z,paid,CUST-00094,N/A,linked_account_USD
9187,ADWEA-002,ADWEA,UTILITIES,2288.74,AED,2026-04-09,,failed,CUST-00083,N/A,linked_account_AED
9188,RTA-009,RTA Salik,GOVERNMENT,2837.61,AED,2026-04-07,2026-04-20T00:29:40Z,paid,CUST-00096,1370,linked_account_USD
9189,SEWA-003,SEWA,UTILITIES,1078.03,AED,2026-03-28,2026-04-14T20:45:54Z,paid,CUST-00003,N/A,linked_account_USD
9190,RTA-009,RTA Salik,GOVERNMENT,2640.86,AED,2026-04-01,2026-04-15T17:11:59Z,paid,CUST-00002,N/A,linked_account_AED
9191,DU-020,du,TELECOM,3715.53,AED,2026-04-01,2026-04-11T09:29:31Z,paid,CUST-00093,N/A,wallet
9192,DU-020,du,TELECOM,3467.47,AED,2026-04-03,2026-04-03T06:35:31Z,paid,CUST-00088,N/A,linked_account_USD
9193,ETI-019,Etisalat,TELECOM,1643.10,AED,2026-04-05,2026-03-31T01:36:10Z,paid,CUST-00098,1334,linked_account_AED
9194,ADWEA-002,ADWEA,UTILITIES,1909.65,AED,2026-04-03,2026-04-01T18:13:38Z,paid,CUST-00094,1990,wallet
9195,RTA-009,RTA Salik,GOVERNMENT,4355.26,AED,2026-04-24,2026-04-06T09:47:31Z,paid,CUST-00086,N/A,wallet
9196,EI-010,Emirates ID,GOVERNMENT,2119.83,AED,2026-04-27,2026-04-05T20:37:48Z,paid,CUST-00010,N/A,linked_account_USD
9197,SZHP-007,Sharjah Police Fines,GOVERNMENT,2840.86,AED,2026-04-22,2026-04-01T14:22:06Z,paid,CUST-00092,N/A,linked_account_USD
9198,TS-011,Tadweer,GOVERNMENT,1293.63,AED,2026-04-13,2026-04-10T23:18:57Z,paid,CUST-00100,2217,linked_account_USD
9199,RTA-009,RTA Salik,GOVERNMENT,98.61,AED,2026-04-14,2026-04-04T03:50:08Z,paid,CUST-00003,N/A,linked_account_USD
9200,ETI-019,Etisalat,TELECOM,1036.37,AED,2026-04-24,2026-04-10T22:18:59Z,paid,CUST-00004,N/A,linked_account_USD
9201,SEWA-003,SEWA,UTILITIES,380.52,AED,2026-04-07,2026-04-16T00:39:24Z,paid,CUST-00082,0231,linked_account_AED
9202,DU-020,du,TELECOM,4112.73,AED,2026-03-31,2026-04-12T03:46:31Z,paid,CUST-00082,N/A,linked_account_USD
9203,EI-010,Emirates ID,GOVERNMENT,3225.92,AED,2026-04-21,2026-04-19T14:24:57Z,paid,CUST-00004,N/A,wallet
9204,DU-020,du,TELECOM,2840.12,AED,2026-04-23,,scheduled,CUST-00089,N/A,linked_account_USD
9205,TS-011,Tadweer,GOVERNMENT,3043.64,AED,2026-03-28,,scheduled,CUST-00098,7756,wallet
9206,DEWA-001,DEWA,UTILITIES,3927.66,AED,2026-04-21,2026-03-28T03:33:44Z,paid,CUST-00005,2348,linked_account_AED
9207,DEWA-001,DEWA,UTILITIES,1650.52,AED,2026-03-30,,failed,CUST-00005,N/A,linked_account_AED
9208,DH-012,Daman Health,INSURANCE,2384.86,AED,2026-04-18,2026-04-21T07:20:23Z,paid,CUST-00008,N/A,linked_account_AED
9209,DLD-008,Dubai Land Department,GOVERNMENT,3545.91,AED,2026-04-16,2026-04-01T15:50:34Z,paid,CUST-00081,8694,linked_account_USD
9210,ETI-019,Etisalat,TELECOM,4779.03,AED,2026-03-28,2026-04-13T12:24:48Z,paid,CUST-00093,N/A,linked_account_USD
9211,RTA-009,RTA Salik,GOVERNMENT,2475.96,AED,2026-04-02,2026-04-21T03:54:38Z,paid,CUST-00088,N/A,wallet
9212,DEWA-001,DEWA,UTILITIES,4337.39,AED,2026-03-31,2026-04-10T04:53:27Z,paid,CUST-00094,6948,linked_account_USD
9213,EI-010,Emirates ID,GOVERNMENT,4387.66,AED,2026-03-29,,failed,CUST-00083,6130,linked_account_USD
9214,DEWA-001,DEWA,UTILITIES,1019.39,AED,2026-04-16,2026-04-26T17:27:31Z,paid,CUST-00089,N/A,wallet
9215,SZHP-007,Sharjah Police Fines,GOVERNMENT,4583.25,AED,2026-04-11,,failed,CUST-00090,4473,linked_account_USD
9216,DU-020,du,TELECOM,3226.29,AED,2026-04-15,2026-04-14T17:11:22Z,paid,CUST-00009,0937,linked_account_USD
9217,RTA-009,RTA Salik,GOVERNMENT,4986.30,AED,2026-04-07,2026-04-18T13:32:32Z,paid,CUST-00086,8938,wallet
9218,SZHP-007,Sharjah Police Fines,GOVERNMENT,192.74,AED,2026-03-30,2026-04-18T09:53:16Z,paid,CUST-00098,2156,linked_account_AED
9219,ADWEA-002,ADWEA,UTILITIES,327.44,AED,2026-04-07,2026-04-11T17:53:17Z,paid,CUST-00004,N/A,wallet
9220,DH-012,Daman Health,INSURANCE,3089.32,AED,2026-04-27,2026-04-11T15:16:26Z,paid,CUST-00099,N/A,linked_account_USD
9221,DEWA-001,DEWA,UTILITIES,4705.70,AED,2026-04-15,2026-04-24T00:22:00Z,paid,CUST-00003,3161,linked_account_USD
9222,DU-020,du,TELECOM,465.65,AED,2026-04-13,2026-03-28T11:00:45Z,paid,CUST-00007,N/A,wallet
9223,DH-012,Daman Health,INSURANCE,3746.80,AED,2026-04-01,,failed,CUST-00010,N/A,wallet
9224,SZHP-007,Sharjah Police Fines,GOVERNMENT,2357.95,AED,2026-04-01,2026-03-30T12:20:31Z,paid,CUST-00100,7585,wallet
9225,ADWEA-002,ADWEA,UTILITIES,953.38,AED,2026-04-25,2026-03-29T07:15:44Z,paid,CUST-00091,0329,wallet
9226,ETI-019,Etisalat,TELECOM,3207.83,AED,2026-04-13,2026-04-15T00:32:11Z,paid,CUST-00010,3130,linked_account_AED
9227,DEWA-001,DEWA,UTILITIES,1927.59,AED,2026-04-18,2026-04-20T04:23:31Z,paid,CUST-00089,N/A,wallet
9228,ETI-019,Etisalat,TELECOM,1400.36,AED,2026-04-21,2026-04-12T16:22:45Z,paid,CUST-00009,N/A,wallet
9229,RTA-009,RTA Salik,GOVERNMENT,1808.01,AED,2026-04-16,2026-04-01T14:36:40Z,paid,CUST-00085,2793,linked_account_USD
9230,DLD-008,Dubai Land Department,GOVERNMENT,820.74,AED,2026-04-09,2026-04-05T22:31:27Z,paid,CUST-00082,4729,linked_account_AED
9231,EI-010,Emirates ID,GOVERNMENT,2780.48,AED,2026-04-04,,scheduled,CUST-00003,8409,linked_account_AED
9232,ETI-019,Etisalat,TELECOM,2365.06,AED,2026-04-26,,failed,CUST-00087,N/A,wallet
9233,RTA-009,RTA Salik,GOVERNMENT,2954.76,AED,2026-04-16,2026-03-29T10:28:31Z,paid,CUST-00099,N/A,linked_account_USD
9234,ADWEA-002,ADWEA,UTILITIES,3165.89,AED,2026-03-31,,failed,CUST-00006,N/A,linked_account_AED
9235,SZHP-007,Sharjah Police Fines,GOVERNMENT,3257.01,AED,2026-04-24,2026-04-09T14:53:41Z,paid,CUST-00010,N/A,linked_account_USD
9236,SEWA-003,SEWA,UTILITIES,3772.62,AED,2026-04-13,,scheduled,CUST-00085,N/A,linked_account_USD
9237,DLD-008,Dubai Land Department,GOVERNMENT,2394.18,AED,2026-04-20,2026-04-08T21:10:24Z,paid,CUST-00090,N/A,linked_account_USD
9238,DLD-008,Dubai Land Department,GOVERNMENT,1535.86,AED,2026-03-29,,scheduled,CUST-00095,8306,linked_account_AED
9239,DLD-008,Dubai Land Department,GOVERNMENT,3881.66,AED,2026-03-28,2026-03-29T05:00:59Z,paid,CUST-00001,2687,linked_account_AED
9240,TS-011,Tadweer,GOVERNMENT,4827.92,AED,2026-03-28,2026-03-30T10:14:45Z,paid,CUST-00095,2286,linked_account_USD
9241,SZHP-007,Sharjah Police Fines,GOVERNMENT,3953.42,AED,2026-04-26,,failed,CUST-00010,N/A,linked_account_AED
9242,DLD-008,Dubai Land Department,GOVERNMENT,868.44,AED,2026-04-27,2026-04-17T06:30:35Z,paid,CUST-00099,N/A,linked_account_AED
9243,ADWEA-002,ADWEA,UTILITIES,963.74,AED,2026-03-31,2026-04-22T14:56:53Z,paid,CUST-00094,4009,linked_account_USD
9244,EI-010,Emirates ID,GOVERNMENT,4236.06,AED,2026-04-16,2026-04-19T06:22:03Z,paid,CUST-00082,N/A,linked_account_USD
9245,DH-012,Daman Health,INSURANCE,2000.53,AED,2026-04-21,,failed,CUST-00092,N/A,linked_account_USD
9246,ETI-019,Etisalat,TELECOM,3827.13,AED,2026-04-24,2026-04-11T13:05:16Z,paid,CUST-00095,N/A,linked_account_AED
9247,DU-020,du,TELECOM,4107.97,AED,2026-04-04,,scheduled,CUST-00090,6452,linked_account_AED
9248,RTA-009,RTA Salik,GOVERNMENT,3365.89,AED,2026-04-09,2026-03-28T11:01:13Z,paid,CUST-00006,N/A,linked_account_AED
9249,SZHP-007,Sharjah Police Fines,GOVERNMENT,2532.21,AED,2026-04-27,2026-04-07T16:05:09Z,paid,CUST-00100,1265,wallet
9250,RTA-009,RTA Salik,GOVERNMENT,980.45,AED,2026-04-21,2026-04-22T11:49:18Z,paid,CUST-00081,6292,linked_account_AED
9251,SEWA-003,SEWA,UTILITIES,1460.57,AED,2026-04-15,2026-04-03T16:00:00Z,paid,CUST-00002,N/A,wallet
9252,SEWA-003,SEWA,UTILITIES,2021.17,AED,2026-04-11,,scheduled,CUST-00085,N/A,linked_account_USD
9253,ADWEA-002,ADWEA,UTILITIES,3296.55,AED,2026-04-15,,scheduled,CUST-00001,N/A,wallet
9254,TS-011,Tadweer,GOVERNMENT,2559.50,AED,2026-04-06,2026-04-03T09:36:24Z,paid,CUST-00091,N/A,wallet
9255,DU-020,du,TELECOM,2153.66,AED,2026-04-04,2026-03-28T16:42:47Z,paid,CUST-00096,N/A,linked_account_AED
9256,SZHP-007,Sharjah Police Fines,GOVERNMENT,4228.63,AED,2026-04-16,2026-04-18T07:38:13Z,paid,CUST-00084,N/A,linked_account_USD
9257,ADWEA-002,ADWEA,UTILITIES,794.42,AED,2026-04-17,,failed,CUST-00093,N/A,wallet
9258,EI-010,Emirates ID,GOVERNMENT,4073.53,AED,2026-04-04,,scheduled,CUST-00084,N/A,linked_account_AED
9259,DEWA-001,DEWA,UTILITIES,651.68,AED,2026-04-12,2026-04-24T13:39:37Z,paid,CUST-00099,N/A,linked_account_AED
9260,DLD-008,Dubai Land Department,GOVERNMENT,1720.44,AED,2026-04-18,,scheduled,CUST-00001,N/A,wallet
9261,DU-020,du,TELECOM,1816.58,AED,2026-04-27,2026-04-12T13:10:26Z,paid,CUST-00091,0583,linked_account_AED
9262,DEWA-001,DEWA,UTILITIES,2679.78,AED,2026-04-15,2026-04-22T22:04:42Z,paid,CUST-00088,1549,linked_account_USD
9263,SEWA-003,SEWA,UTILITIES,3182.95,AED,2026-04-14,,scheduled,CUST-00082,7504,linked_account_USD
9264,EI-010,Emirates ID,GOVERNMENT,2866.89,AED,2026-04-26,2026-04-08T21:39:44Z,paid,CUST-00002,2404,linked_account_AED
9265,EI-010,Emirates ID,GOVERNMENT,4902.32,AED,2026-04-25,2026-04-12T08:09:40Z,paid,CUST-00084,6565,wallet
9266,DU-020,du,TELECOM,3621.89,AED,2026-04-04,,scheduled,CUST-00097,7101,wallet
9267,TS-011,Tadweer,GOVERNMENT,1341.83,AED,2026-04-18,2026-03-31T19:50:10Z,paid,CUST-00098,3993,linked_account_AED
9268,TS-011,Tadweer,GOVERNMENT,2390.95,AED,2026-04-03,,failed,CUST-00009,N/A,linked_account_USD
9269,DH-012,Daman Health,INSURANCE,276.42,AED,2026-04-15,,failed,CUST-00092,N/A,wallet
9270,DLD-008,Dubai Land Department,GOVERNMENT,1075.32,AED,2026-04-02,2026-04-20T16:48:38Z,paid,CUST-00009,N/A,linked_account_USD
9271,DH-012,Daman Health,INSURANCE,1624.89,AED,2026-04-20,2026-04-11T05:48:12Z,paid,CUST-00008,N/A,linked_account_USD
9272,TS-011,Tadweer,GOVERNMENT,4143.53,AED,2026-04-09,2026-03-29T02:30:22Z,paid,CUST-00081,N/A,linked_account_AED
9273,EI-010,Emirates ID,GOVERNMENT,112.21,AED,2026-04-17,2026-04-05T10:15:23Z,paid,CUST-00005,N/A,wallet
9274,EI-010,Emirates ID,GOVERNMENT,3503.74,AED,2026-04-06,2026-04-07T10:32:35Z,paid,CUST-00002,9360,linked_account_USD
9275,RTA-009,RTA Salik,GOVERNMENT,2828.56,AED,2026-04-16,2026-04-01T06:58:52Z,paid,CUST-00082,N/A,linked_account_AED
9276,RTA-009,RTA Salik,GOVERNMENT,3388.78,AED,2026-04-27,2026-03-29T14:29:57Z,paid,CUST-00006,N/A,linked_account_AED
9277,DEWA-001,DEWA,UTILITIES,3769.37,AED,2026-04-18,2026-04-03T04:13:37Z,paid,CUST-00008,6148,linked_account_AED
9278,TS-011,Tadweer,GOVERNMENT,4746.65,AED,2026-04-24,2026-04-16T09:39:21Z,paid,CUST-00007,N/A,wallet
9279,SEWA-003,SEWA,UTILITIES,3846.03,AED,2026-04-04,,failed,CUST-00088,N/A,wallet
9280,DLD-008,Dubai Land Department,GOVERNMENT,4507.27,AED,2026-04-19,2026-04-09T08:52:15Z,paid,CUST-00091,N/A,linked_account_USD
9281,EI-010,Emirates ID,GOVERNMENT,2685.92,AED,2026-04-20,,scheduled,CUST-00086,N/A,linked_account_AED
9282,SEWA-003,SEWA,UTILITIES,4623.36,AED,2026-04-22,2026-04-26T20:06:43Z,paid,CUST-00088,N/A,linked_account_USD
9283,SEWA-003,SEWA,UTILITIES,3432.59,AED,2026-04-24,2026-04-06T16:52:42Z,paid,CUST-00084,6722,linked_account_USD
9284,DEWA-001,DEWA,UTILITIES,3113.44,AED,2026-04-23,2026-04-02T13:32:30Z,paid,CUST-00003,N/A,wallet
9285,SZHP-007,Sharjah Police Fines,GOVERNMENT,3068.57,AED,2026-04-22,2026-04-04T02:10:52Z,paid,CUST-00092,N/A,wallet
9286,TS-011,Tadweer,GOVERNMENT,4423.39,AED,2026-04-07,2026-04-02T04:15:04Z,paid,CUST-00098,3162,linked_account_AED
9287,SZHP-007,Sharjah Police Fines,GOVERNMENT,3629.15,AED,2026-04-20,2026-04-17T07:14:00Z,paid,CUST-00081,N/A,wallet
9288,DEWA-001,DEWA,UTILITIES,1074.69,AED,2026-04-13,2026-03-28T17:09:51Z,paid,CUST-00085,3963,linked_account_AED
9289,EI-010,Emirates ID,GOVERNMENT,3224.83,AED,2026-04-02,2026-04-10T22:03:19Z,paid,CUST-00098,2609,linked_account_AED
9290,ADWEA-002,ADWEA,UTILITIES,84.07,AED,2026-04-26,2026-04-07T06:34:19Z,paid,CUST-00098,N/A,linked_account_AED
9291,ADWEA-002,ADWEA,UTILITIES,3926.06,AED,2026-03-28,2026-03-31T21:57:07Z,paid,CUST-00004,9944,linked_account_AED
9292,RTA-009,RTA Salik,GOVERNMENT,4147.38,AED,2026-04-26,2026-04-07T15:50:03Z,paid,CUST-00097,N/A,linked_account_AED
9293,EI-010,Emirates ID,GOVERNMENT,3164.88,AED,2026-04-13,2026-04-20T23:27:48Z,paid,CUST-00004,N/A,linked_account_USD
9294,ADWEA-002,ADWEA,UTILITIES,3623.87,AED,2026-04-16,2026-04-10T12:03:51Z,paid,CUST-00005,N/A,wallet
9295,DU-020,du,TELECOM,530.77,AED,2026-04-07,2026-04-04T18:06:34Z,paid,CUST-00099,8053,linked_account_AED
9296,SZHP-007,Sharjah Police Fines,GOVERNMENT,1511.70,AED,2026-04-13,2026-04-05T03:16:26Z,paid,CUST-00093,N/A,linked_account_USD
9297,DEWA-001,DEWA,UTILITIES,3818.55,AED,2026-04-23,2026-04-25T17:46:38Z,paid,CUST-00008,N/A,linked_account_USD
9298,DU-020,du,TELECOM,1567.98,AED,2026-04-05,2026-04-12T04:57:03Z,paid,CUST-00086,N/A,wallet
9299,SEWA-003,SEWA,UTILITIES,775.30,AED,2026-04-18,,scheduled,CUST-00009,3734,wallet
9300,TS-011,Tadweer,GOVERNMENT,1549.64,AED,2026-04-09,2026-04-09T07:43:15Z,paid,CUST-00094,N/A,linked_account_AED
9301,TS-011,Tadweer,GOVERNMENT,4505.02,AED,2026-04-16,2026-03-29T11:56:16Z,paid,CUST-00098,N/A,linked_account_USD
9302,SZHP-007,Sharjah Police Fines,GOVERNMENT,1920.99,AED,2026-03-29,2026-04-18T18:57:36Z,paid,CUST-00098,N/A,wallet
9303,RTA-009,RTA Salik,GOVERNMENT,4490.81,AED,2026-04-27,2026-04-23T20:33:28Z,paid,CUST-00081,N/A,wallet
9304,ETI-019,Etisalat,TELECOM,792.94,AED,2026-04-08,,scheduled,CUST-00096,1959,linked_account_AED
9305,RTA-009,RTA Salik,GOVERNMENT,2323.64,AED,2026-03-29,2026-04-26T09:47:07Z,paid,CUST-00097,8587,linked_account_USD
9306,ETI-019,Etisalat,TELECOM,1849.62,AED,2026-04-26,2026-04-22T04:50:35Z,paid,CUST-00081,8313,linked_account_AED
9307,EI-010,Emirates ID,GOVERNMENT,4810.20,AED,2026-03-31,2026-04-23T03:26:14Z,paid,CUST-00096,N/A,linked_account_USD
9308,EI-010,Emirates ID,GOVERNMENT,1277.46,AED,2026-04-19,,scheduled,CUST-00006,4015,linked_account_USD
9309,RTA-009,RTA Salik,GOVERNMENT,928.28,AED,2026-04-08,2026-04-13T12:42:59Z,paid,CUST-00003,3113,wallet
9310,EI-010,Emirates ID,GOVERNMENT,1548.67,AED,2026-04-21,2026-03-29T13:38:11Z,paid,CUST-00095,N/A,linked_account_AED
9311,ADWEA-002,ADWEA,UTILITIES,2707.82,AED,2026-04-02,2026-04-23T10:53:08Z,paid,CUST-00007,7836,linked_account_AED
9312,ADWEA-002,ADWEA,UTILITIES,2406.38,AED,2026-04-24,2026-04-16T13:30:51Z,paid,CUST-00090,N/A,linked_account_USD
9313,DEWA-001,DEWA,UTILITIES,2929.48,AED,2026-03-31,,failed,CUST-00094,7252,linked_account_USD
9314,DH-012,Daman Health,INSURANCE,3091.35,AED,2026-04-13,,failed,CUST-00009,N/A,linked_account_AED
9315,DH-012,Daman Health,INSURANCE,923.83,AED,2026-04-11,2026-04-13T05:24:03Z,paid,CUST-00091,N/A,linked_account_USD
9316,ETI-019,Etisalat,TELECOM,1738.65,AED,2026-04-06,2026-04-12T00:13:03Z,paid,CUST-00091,7209,wallet
9317,RTA-009,RTA Salik,GOVERNMENT,82.26,AED,2026-03-30,,failed,CUST-00086,8122,wallet
9318,ADWEA-002,ADWEA,UTILITIES,3814.17,AED,2026-04-06,2026-04-05T11:38:12Z,paid,CUST-00081,8824,wallet
9319,ADWEA-002,ADWEA,UTILITIES,3826.12,AED,2026-04-21,2026-04-12T04:12:08Z,paid,CUST-00081,N/A,wallet
9320,DH-012,Daman Health,INSURANCE,1535.30,AED,2026-04-08,2026-04-19T11:52:51Z,paid,CUST-00081,2562,linked_account_AED
9321,SEWA-003,SEWA,UTILITIES,4269.17,AED,2026-04-08,2026-04-11T04:33:14Z,paid,CUST-00087,N/A,linked_account_USD
9322,DU-020,du,TELECOM,1182.18,AED,2026-04-19,2026-04-12T06:15:34Z,paid,CUST-00082,N/A,linked_account_AED
9323,SZHP-007,Sharjah Police Fines,GOVERNMENT,4154.69,AED,2026-04-17,2026-04-06T08:29:32Z,paid,CUST-00089,N/A,wallet
9324,DLD-008,Dubai Land Department,GOVERNMENT,323.77,AED,2026-04-14,2026-04-20T04:58:10Z,paid,CUST-00085,4492,linked_account_USD
9325,ETI-019,Etisalat,TELECOM,1082.61,AED,2026-04-05,2026-04-08T20:52:12Z,paid,CUST-00001,N/A,linked_account_AED
9326,SZHP-007,Sharjah Police Fines,GOVERNMENT,2812.44,AED,2026-04-04,2026-04-16T13:31:50Z,paid,CUST-00090,N/A,linked_account_AED
9327,ADWEA-002,ADWEA,UTILITIES,418.41,AED,2026-04-22,2026-04-03T17:07:45Z,paid,CUST-00094,N/A,wallet
9328,DH-012,Daman Health,INSURANCE,1980.81,AED,2026-03-28,,failed,CUST-00086,N/A,linked_account_USD
9329,TS-011,Tadweer,GOVERNMENT,1906.34,AED,2026-04-24,2026-04-10T08:44:06Z,paid,CUST-00009,N/A,linked_account_AED
9330,DU-020,du,TELECOM,599.60,AED,2026-04-23,,scheduled,CUST-00003,N/A,wallet
9331,SEWA-003,SEWA,UTILITIES,2969.55,AED,2026-04-09,2026-04-22T17:28:00Z,paid,CUST-00085,N/A,linked_account_USD
9332,EI-010,Emirates ID,GOVERNMENT,3825.80,AED,2026-04-19,2026-04-12T20:28:19Z,paid,CUST-00093,0358,wallet
9333,SZHP-007,Sharjah Police Fines,GOVERNMENT,4788.14,AED,2026-04-16,,failed,CUST-00085,3519,linked_account_AED
9334,RTA-009,RTA Salik,GOVERNMENT,1177.03,AED,2026-04-16,2026-04-14T10:12:47Z,paid,CUST-00009,9889,wallet
9335,ADWEA-002,ADWEA,UTILITIES,3229.09,AED,2026-04-14,2026-04-03T09:21:09Z,paid,CUST-00096,0786,linked_account_USD
9336,SZHP-007,Sharjah Police Fines,GOVERNMENT,130.20,AED,2026-04-14,,failed,CUST-00087,N/A,linked_account_AED
9337,TS-011,Tadweer,GOVERNMENT,1702.08,AED,2026-04-25,2026-03-30T13:22:12Z,paid,CUST-00003,9147,linked_account_USD
9338,SEWA-003,SEWA,UTILITIES,4003.03,AED,2026-03-31,,scheduled,CUST-00089,7675,wallet
9339,DH-012,Daman Health,INSURANCE,2183.19,AED,2026-04-19,2026-04-19T14:40:05Z,paid,CUST-00091,5413,wallet
9340,DH-012,Daman Health,INSURANCE,2897.36,AED,2026-04-13,2026-04-06T00:13:15Z,paid,CUST-00099,N/A,linked_account_USD
9341,DU-020,du,TELECOM,81.45,AED,2026-04-01,2026-04-26T14:03:10Z,paid,CUST-00008,N/A,wallet
9342,DU-020,du,TELECOM,4285.09,AED,2026-04-09,2026-04-11T03:27:40Z,paid,CUST-00088,7499,linked_account_USD
9343,SZHP-007,Sharjah Police Fines,GOVERNMENT,4471.56,AED,2026-04-05,,scheduled,CUST-00005,3094,wallet
9344,DU-020,du,TELECOM,948.85,AED,2026-04-27,2026-04-25T02:02:04Z,paid,CUST-00095,N/A,wallet
9345,SZHP-007,Sharjah Police Fines,GOVERNMENT,4359.25,AED,2026-03-29,2026-04-16T20:43:19Z,paid,CUST-00007,4963,linked_account_AED
9346,DU-020,du,TELECOM,1203.25,AED,2026-03-29,2026-04-09T17:59:37Z,paid,CUST-00001,N/A,wallet
9347,DLD-008,Dubai Land Department,GOVERNMENT,175.85,AED,2026-03-31,2026-04-16T20:58:54Z,paid,CUST-00083,N/A,linked_account_AED
9348,DLD-008,Dubai Land Department,GOVERNMENT,1033.26,AED,2026-04-03,2026-04-20T22:46:23Z,paid,CUST-00003,2868,wallet
9349,ETI-019,Etisalat,TELECOM,645.77,AED,2026-04-12,2026-04-09T14:26:42Z,paid,CUST-00094,N/A,wallet
9350,ETI-019,Etisalat,TELECOM,4926.50,AED,2026-04-02,2026-04-03T19:06:51Z,paid,CUST-00009,8335,linked_account_AED
9351,DEWA-001,DEWA,UTILITIES,85.92,AED,2026-04-02,2026-04-22T03:24:53Z,paid,CUST-00082,N/A,wallet
9352,DLD-008,Dubai Land Department,GOVERNMENT,4732.41,AED,2026-04-07,2026-04-22T21:36:25Z,paid,CUST-00091,N/A,wallet
9353,DU-020,du,TELECOM,3661.66,AED,2026-03-30,2026-04-20T04:01:52Z,paid,CUST-00098,4079,linked_account_USD
9354,DEWA-001,DEWA,UTILITIES,683.34,AED,2026-04-23,2026-04-04T04:37:43Z,paid,CUST-00095,0638,linked_account_USD
9355,ETI-019,Etisalat,TELECOM,4338.41,AED,2026-04-06,2026-03-28T00:29:47Z,paid,CUST-00084,N/A,wallet
9356,SEWA-003,SEWA,UTILITIES,4684.64,AED,2026-03-28,2026-04-18T04:24:13Z,paid,CUST-00082,1792,wallet
9357,RTA-009,RTA Salik,GOVERNMENT,1060.18,AED,2026-04-15,2026-04-14T03:02:29Z,paid,CUST-00090,5260,wallet
9358,SZHP-007,Sharjah Police Fines,GOVERNMENT,191.06,AED,2026-04-12,2026-04-19T23:49:51Z,paid,CUST-00100,6679,linked_account_USD
9359,DLD-008,Dubai Land Department,GOVERNMENT,3824.39,AED,2026-04-04,2026-04-19T07:42:57Z,paid,CUST-00004,N/A,wallet
9360,ADWEA-002,ADWEA,UTILITIES,2128.42,AED,2026-04-25,2026-04-03T21:46:55Z,paid,CUST-00085,N/A,wallet
9361,TS-011,Tadweer,GOVERNMENT,4056.65,AED,2026-04-27,2026-04-04T05:00:29Z,paid,CUST-00099,4208,linked_account_AED
9362,DH-012,Daman Health,INSURANCE,2722.93,AED,2026-03-28,2026-04-22T07:41:17Z,paid,CUST-00086,8074,wallet
9363,ETI-019,Etisalat,TELECOM,2597.93,AED,2026-04-02,,failed,CUST-00008,1346,linked_account_USD
9364,DLD-008,Dubai Land Department,GOVERNMENT,1447.38,AED,2026-04-08,2026-04-16T00:25:51Z,paid,CUST-00009,N/A,linked_account_AED
9365,RTA-009,RTA Salik,GOVERNMENT,3358.36,AED,2026-04-11,2026-04-14T01:14:31Z,paid,CUST-00095,N/A,linked_account_AED
9366,SZHP-007,Sharjah Police Fines,GOVERNMENT,3322.95,AED,2026-04-09,2026-04-25T08:07:29Z,paid,CUST-00094,6308,wallet
9367,SEWA-003,SEWA,UTILITIES,120.89,AED,2026-04-07,2026-04-15T10:54:32Z,paid,CUST-00006,N/A,wallet
9368,TS-011,Tadweer,GOVERNMENT,2429.84,AED,2026-03-31,2026-03-29T23:30:42Z,paid,CUST-00083,7407,linked_account_AED
9369,TS-011,Tadweer,GOVERNMENT,1350.88,AED,2026-04-13,2026-04-13T10:35:10Z,paid,CUST-00091,N/A,linked_account_AED
9370,SEWA-003,SEWA,UTILITIES,1313.66,AED,2026-04-02,,scheduled,CUST-00095,N/A,linked_account_USD
9371,ADWEA-002,ADWEA,UTILITIES,3356.66,AED,2026-04-17,,scheduled,CUST-00009,N/A,linked_account_AED
9372,DH-012,Daman Health,INSURANCE,175.80,AED,2026-04-10,2026-04-15T23:22:49Z,paid,CUST-00085,1820,linked_account_USD
9373,DU-020,du,TELECOM,675.18,AED,2026-04-16,2026-04-05T19:49:56Z,paid,CUST-00088,1359,linked_account_AED
9374,EI-010,Emirates ID,GOVERNMENT,1014.65,AED,2026-04-01,2026-04-26T04:31:15Z,paid,CUST-00007,5798,linked_account_USD
9375,EI-010,Emirates ID,GOVERNMENT,2648.97,AED,2026-04-02,2026-03-31T19:29:13Z,paid,CUST-00008,8697,linked_account_AED
9376,SEWA-003,SEWA,UTILITIES,545.68,AED,2026-04-22,2026-04-16T00:23:28Z,paid,CUST-00097,N/A,wallet
9377,DU-020,du,TELECOM,292.12,AED,2026-03-28,2026-04-08T01:52:57Z,paid,CUST-00099,N/A,linked_account_AED
9378,RTA-009,RTA Salik,GOVERNMENT,1643.51,AED,2026-04-04,,failed,CUST-00001,N/A,linked_account_USD
9379,EI-010,Emirates ID,GOVERNMENT,3357.19,AED,2026-04-21,,failed,CUST-00090,9731,wallet
9380,DLD-008,Dubai Land Department,GOVERNMENT,744.50,AED,2026-04-12,,scheduled,CUST-00095,N/A,wallet
9381,DH-012,Daman Health,INSURANCE,2124.10,AED,2026-04-09,2026-04-09T23:44:46Z,paid,CUST-00003,N/A,wallet
9382,DLD-008,Dubai Land Department,GOVERNMENT,661.18,AED,2026-04-04,2026-04-19T15:05:11Z,paid,CUST-00007,7264,linked_account_USD
9383,DU-020,du,TELECOM,3814.89,AED,2026-04-27,2026-04-01T17:26:01Z,paid,CUST-00010,8589,linked_account_USD
9384,TS-011,Tadweer,GOVERNMENT,2381.99,AED,2026-04-06,2026-04-20T22:31:21Z,paid,CUST-00088,N/A,wallet
9385,ADWEA-002,ADWEA,UTILITIES,4407.12,AED,2026-04-03,,failed,CUST-00081,4458,linked_account_AED
9386,DU-020,du,TELECOM,608.55,AED,2026-04-13,2026-04-18T19:44:05Z,paid,CUST-00099,N/A,wallet
9387,EI-010,Emirates ID,GOVERNMENT,560.10,AED,2026-04-04,2026-03-28T22:03:35Z,paid,CUST-00098,5940,linked_account_USD
9388,RTA-009,RTA Salik,GOVERNMENT,4191.71,AED,2026-03-28,2026-04-24T05:59:43Z,paid,CUST-00091,N/A,linked_account_USD
9389,DU-020,du,TELECOM,4528.42,AED,2026-04-07,2026-04-06T15:04:40Z,paid,CUST-00092,N/A,wallet
9390,DEWA-001,DEWA,UTILITIES,550.60,AED,2026-04-02,2026-03-29T13:30:44Z,paid,CUST-00086,N/A,linked_account_USD
9391,DU-020,du,TELECOM,564.63,AED,2026-04-03,,scheduled,CUST-00086,N/A,linked_account_USD
9392,EI-010,Emirates ID,GOVERNMENT,4358.45,AED,2026-04-06,2026-03-28T19:00:46Z,paid,CUST-00004,9672,linked_account_USD
9393,ADWEA-002,ADWEA,UTILITIES,631.49,AED,2026-04-03,2026-03-29T20:06:32Z,paid,CUST-00092,N/A,linked_account_AED
9394,DEWA-001,DEWA,UTILITIES,1769.16,AED,2026-04-02,2026-04-04T15:11:44Z,paid,CUST-00089,8564,linked_account_AED
9395,DH-012,Daman Health,INSURANCE,3734.71,AED,2026-04-14,2026-04-25T18:07:36Z,paid,CUST-00007,9288,wallet
9396,DH-012,Daman Health,INSURANCE,4732.45,AED,2026-04-24,2026-04-06T23:49:04Z,paid,CUST-00096,N/A,linked_account_AED
9397,SZHP-007,Sharjah Police Fines,GOVERNMENT,4100.92,AED,2026-04-16,2026-04-14T22:14:33Z,paid,CUST-00009,7307,linked_account_AED
9398,RTA-009,RTA Salik,GOVERNMENT,3510.57,AED,2026-04-07,2026-04-19T04:53:48Z,paid,CUST-00007,N/A,linked_account_USD
9399,DLD-008,Dubai Land Department,GOVERNMENT,3778.93,AED,2026-04-03,,scheduled,CUST-00098,8189,linked_account_AED
9400,SZHP-007,Sharjah Police Fines,GOVERNMENT,3101.19,AED,2026-04-04,,scheduled,CUST-00008,N/A,wallet
9401,ADWEA-002,ADWEA,UTILITIES,3215.29,AED,2026-04-17,2026-04-17T23:04:14Z,paid,CUST-00095,6270,linked_account_AED
9402,RTA-009,RTA Salik,GOVERNMENT,1785.44,AED,2026-04-02,2026-04-09T10:51:54Z,paid,CUST-00095,2608,linked_account_AED
9403,DEWA-001,DEWA,UTILITIES,601.83,AED,2026-04-09,2026-04-02T10:19:42Z,paid,CUST-00093,N/A,linked_account_USD
9404,EI-010,Emirates ID,GOVERNMENT,930.65,AED,2026-04-08,2026-04-17T08:35:29Z,paid,CUST-00003,N/A,linked_account_AED
9405,SEWA-003,SEWA,UTILITIES,3593.65,AED,2026-04-10,2026-04-20T13:00:23Z,paid,CUST-00100,6311,linked_account_USD
9406,DU-020,du,TELECOM,3086.43,AED,2026-04-25,2026-04-16T02:03:37Z,paid,CUST-00085,0668,linked_account_USD
9407,SEWA-003,SEWA,UTILITIES,3354.23,AED,2026-04-19,2026-04-16T02:28:31Z,paid,CUST-00097,3587,wallet
9408,RTA-009,RTA Salik,GOVERNMENT,3257.08,AED,2026-04-21,2026-04-12T14:12:40Z,paid,CUST-00008,N/A,linked_account_AED
9409,DLD-008,Dubai Land Department,GOVERNMENT,2803.80,AED,2026-04-09,2026-04-17T23:13:37Z,paid,CUST-00098,N/A,linked_account_USD
9410,TS-011,Tadweer,GOVERNMENT,4448.59,AED,2026-04-15,2026-04-09T07:56:44Z,paid,CUST-00096,N/A,linked_account_AED
9411,SZHP-007,Sharjah Police Fines,GOVERNMENT,4505.26,AED,2026-03-29,2026-03-31T18:25:28Z,paid,CUST-00082,1262,linked_account_AED
9412,ETI-019,Etisalat,TELECOM,3988.01,AED,2026-04-09,2026-04-02T08:46:25Z,paid,CUST-00093,N/A,wallet
9413,TS-011,Tadweer,GOVERNMENT,1177.73,AED,2026-04-16,2026-03-31T02:27:31Z,paid,CUST-00097,N/A,linked_account_AED
9414,TS-011,Tadweer,GOVERNMENT,4191.24,AED,2026-04-13,2026-04-02T20:47:54Z,paid,CUST-00089,7146,wallet
9415,DEWA-001,DEWA,UTILITIES,2821.80,AED,2026-04-10,2026-04-10T03:00:47Z,paid,CUST-00086,2422,linked_account_USD
9416,SZHP-007,Sharjah Police Fines,GOVERNMENT,373.79,AED,2026-04-04,2026-04-14T18:23:05Z,paid,CUST-00099,N/A,linked_account_AED
9417,SEWA-003,SEWA,UTILITIES,4931.72,AED,2026-04-21,2026-04-11T23:01:39Z,paid,CUST-00088,N/A,wallet
9418,TS-011,Tadweer,GOVERNMENT,4002.16,AED,2026-04-11,,failed,CUST-00005,N/A,wallet
9419,TS-011,Tadweer,GOVERNMENT,312.21,AED,2026-04-03,2026-04-21T04:33:32Z,paid,CUST-00095,1163,linked_account_USD
9420,DLD-008,Dubai Land Department,GOVERNMENT,3665.38,AED,2026-04-04,2026-03-28T19:10:20Z,paid,CUST-00095,2938,wallet
9421,DH-012,Daman Health,INSURANCE,4647.69,AED,2026-04-04,2026-04-22T16:11:04Z,paid,CUST-00004,N/A,linked_account_AED
9422,DLD-008,Dubai Land Department,GOVERNMENT,3497.25,AED,2026-04-23,,scheduled,CUST-00006,N/A,linked_account_AED
9423,SEWA-003,SEWA,UTILITIES,3550.95,AED,2026-03-30,2026-04-22T14:17:12Z,paid,CUST-00006,N/A,wallet
9424,ETI-019,Etisalat,TELECOM,1788.44,AED,2026-04-07,2026-04-10T12:11:51Z,paid,CUST-00085,N/A,wallet
9425,TS-011,Tadweer,GOVERNMENT,351.46,AED,2026-04-10,2026-04-08T21:15:09Z,paid,CUST-00004,2760,linked_account_USD
9426,DEWA-001,DEWA,UTILITIES,73.07,AED,2026-04-15,2026-03-30T10:08:26Z,paid,CUST-00089,6141,wallet
9427,ETI-019,Etisalat,TELECOM,3200.58,AED,2026-04-12,2026-04-16T09:34:34Z,paid,CUST-00082,1588,linked_account_USD
9428,SZHP-007,Sharjah Police Fines,GOVERNMENT,2891.23,AED,2026-03-30,2026-04-18T09:12:25Z,paid,CUST-00087,N/A,wallet
9429,TS-011,Tadweer,GOVERNMENT,241.93,AED,2026-04-10,,scheduled,CUST-00096,N/A,linked_account_AED
9430,ADWEA-002,ADWEA,UTILITIES,1777.82,AED,2026-04-22,2026-04-18T20:58:56Z,paid,CUST-00099,N/A,wallet
9431,TS-011,Tadweer,GOVERNMENT,818.50,AED,2026-04-08,,failed,CUST-00085,N/A,linked_account_AED
9432,ADWEA-002,ADWEA,UTILITIES,3360.09,AED,2026-04-25,2026-04-09T05:56:11Z,paid,CUST-00005,N/A,wallet
9433,DLD-008,Dubai Land Department,GOVERNMENT,255.87,AED,2026-04-26,,failed,CUST-00100,7871,linked_account_USD
9434,ADWEA-002,ADWEA,UTILITIES,3334.39,AED,2026-04-17,,failed,CUST-00089,N/A,linked_account_USD
9435,DH-012,Daman Health,INSURANCE,1044.61,AED,2026-04-17,2026-04-17T09:15:54Z,paid,CUST-00010,N/A,linked_account_AED
9436,DLD-008,Dubai Land Department,GOVERNMENT,457.83,AED,2026-04-27,2026-04-11T09:24:31Z,paid,CUST-00088,N/A,linked_account_AED
9437,RTA-009,RTA Salik,GOVERNMENT,4961.82,AED,2026-04-03,2026-04-24T07:47:09Z,paid,CUST-00087,0682,wallet
9438,DU-020,du,TELECOM,4465.86,AED,2026-04-04,,failed,CUST-00088,N/A,linked_account_USD
9439,DEWA-001,DEWA,UTILITIES,2694.75,AED,2026-04-26,,failed,CUST-00083,N/A,linked_account_USD
9440,DEWA-001,DEWA,UTILITIES,4127.54,AED,2026-04-06,,scheduled,CUST-00094,8329,linked_account_USD
9441,SZHP-007,Sharjah Police Fines,GOVERNMENT,3421.61,AED,2026-04-26,,failed,CUST-00004,7491,wallet
9442,SZHP-007,Sharjah Police Fines,GOVERNMENT,411.17,AED,2026-04-21,2026-03-30T06:34:03Z,paid,CUST-00091,0255,linked_account_AED
9443,ETI-019,Etisalat,TELECOM,4506.59,AED,2026-04-24,,failed,CUST-00001,N/A,wallet
9444,DLD-008,Dubai Land Department,GOVERNMENT,4141.53,AED,2026-04-16,,failed,CUST-00083,0733,wallet
9445,TS-011,Tadweer,GOVERNMENT,1268.56,AED,2026-04-06,2026-04-06T11:21:18Z,paid,CUST-00092,N/A,wallet
9446,DH-012,Daman Health,INSURANCE,3696.34,AED,2026-04-19,2026-04-26T12:05:04Z,paid,CUST-00084,N/A,linked_account_AED
9447,ETI-019,Etisalat,TELECOM,4092.79,AED,2026-04-12,2026-04-26T11:50:55Z,paid,CUST-00091,6479,linked_account_USD
9448,RTA-009,RTA Salik,GOVERNMENT,688.00,AED,2026-04-05,2026-04-21T10:44:14Z,paid,CUST-00004,N/A,wallet
9449,SEWA-003,SEWA,UTILITIES,2707.85,AED,2026-04-22,,failed,CUST-00009,N/A,linked_account_USD
9450,DU-020,du,TELECOM,1459.29,AED,2026-04-09,2026-04-21T04:53:18Z,paid,CUST-00083,3311,linked_account_USD
9451,RTA-009,RTA Salik,GOVERNMENT,1043.90,AED,2026-04-11,,failed,CUST-00086,7844,wallet
9452,ETI-019,Etisalat,TELECOM,238.25,AED,2026-04-15,2026-04-23T17:28:23Z,paid,CUST-00008,N/A,linked_account_AED
9453,SEWA-003,SEWA,UTILITIES,2238.02,AED,2026-04-03,2026-04-02T13:14:28Z,paid,CUST-00095,3096,linked_account_USD
9454,SZHP-007,Sharjah Police Fines,GOVERNMENT,266.60,AED,2026-04-27,,failed,CUST-00081,4109,linked_account_AED
9455,RTA-009,RTA Salik,GOVERNMENT,1043.21,AED,2026-04-07,2026-04-08T13:13:41Z,paid,CUST-00005,4780,wallet
9456,SEWA-003,SEWA,UTILITIES,3154.71,AED,2026-04-17,2026-04-05T16:40:40Z,paid,CUST-00001,7217,wallet
9457,TS-011,Tadweer,GOVERNMENT,2666.36,AED,2026-04-10,2026-03-31T10:33:19Z,paid,CUST-00081,0929,linked_account_USD
9458,ADWEA-002,ADWEA,UTILITIES,2079.12,AED,2026-04-10,2026-04-18T18:02:04Z,paid,CUST-00094,N/A,wallet
9459,SEWA-003,SEWA,UTILITIES,4512.52,AED,2026-04-06,2026-04-08T11:51:16Z,paid,CUST-00001,9219,linked_account_AED
9460,TS-011,Tadweer,GOVERNMENT,642.23,AED,2026-04-20,,scheduled,CUST-00002,9234,wallet
9461,DH-012,Daman Health,INSURANCE,4128.79,AED,2026-04-12,,failed,CUST-00091,N/A,linked_account_USD
9462,TS-011,Tadweer,GOVERNMENT,1964.50,AED,2026-03-29,2026-04-03T04:27:13Z,paid,CUST-00090,N/A,linked_account_USD
9463,RTA-009,RTA Salik,GOVERNMENT,2421.69,AED,2026-03-30,2026-03-31T22:59:07Z,paid,CUST-00099,5900,wallet
9464,DU-020,du,TELECOM,3203.61,AED,2026-04-22,,failed,CUST-00083,4214,linked_account_AED
9465,DEWA-001,DEWA,UTILITIES,2187.10,AED,2026-04-18,2026-04-04T16:08:26Z,paid,CUST-00084,8871,linked_account_AED
9466,SEWA-003,SEWA,UTILITIES,4208.67,AED,2026-04-16,2026-04-07T07:13:04Z,paid,CUST-00084,N/A,linked_account_USD
9467,RTA-009,RTA Salik,GOVERNMENT,2247.27,AED,2026-04-15,2026-04-10T14:25:59Z,paid,CUST-00081,6535,linked_account_USD
9468,EI-010,Emirates ID,GOVERNMENT,1069.28,AED,2026-04-21,2026-03-30T09:46:54Z,paid,CUST-00007,N/A,linked_account_USD
9469,DLD-008,Dubai Land Department,GOVERNMENT,1905.34,AED,2026-04-18,2026-04-20T03:20:13Z,paid,CUST-00086,N/A,linked_account_AED
9470,TS-011,Tadweer,GOVERNMENT,2089.98,AED,2026-04-21,2026-03-31T05:13:52Z,paid,CUST-00099,N/A,linked_account_USD
9471,DLD-008,Dubai Land Department,GOVERNMENT,942.56,AED,2026-04-13,2026-04-16T23:27:53Z,paid,CUST-00083,9296,linked_account_AED
9472,DH-012,Daman Health,INSURANCE,2838.65,AED,2026-04-23,2026-03-30T01:59:46Z,paid,CUST-00096,3240,linked_account_AED
9473,SZHP-007,Sharjah Police Fines,GOVERNMENT,2369.47,AED,2026-03-31,2026-04-03T08:58:16Z,paid,CUST-00081,8693,linked_account_USD
9474,ADWEA-002,ADWEA,UTILITIES,3945.46,AED,2026-04-25,2026-04-24T10:32:20Z,paid,CUST-00081,N/A,linked_account_AED
9475,ETI-019,Etisalat,TELECOM,3730.74,AED,2026-03-28,2026-04-23T19:04:40Z,paid,CUST-00082,N/A,linked_account_AED
9476,SZHP-007,Sharjah Police Fines,GOVERNMENT,3532.84,AED,2026-04-18,2026-03-30T17:21:13Z,paid,CUST-00006,2490,linked_account_AED
9477,ADWEA-002,ADWEA,UTILITIES,2684.91,AED,2026-04-08,2026-03-30T17:36:51Z,paid,CUST-00088,N/A,linked_account_USD
9478,ETI-019,Etisalat,TELECOM,4881.82,AED,2026-04-06,,failed,CUST-00100,7289,wallet
9479,SEWA-003,SEWA,UTILITIES,4407.15,AED,2026-04-12,2026-04-18T17:24:08Z,paid,CUST-00095,N/A,linked_account_AED
9480,TS-011,Tadweer,GOVERNMENT,2880.96,AED,2026-04-13,,scheduled,CUST-00086,N/A,linked_account_AED
9481,ADWEA-002,ADWEA,UTILITIES,4438.13,AED,2026-04-25,2026-04-12T10:21:11Z,paid,CUST-00092,6449,wallet
9482,DH-012,Daman Health,INSURANCE,1025.80,AED,2026-04-07,2026-04-22T23:12:48Z,paid,CUST-00082,N/A,wallet
9483,TS-011,Tadweer,GOVERNMENT,4460.69,AED,2026-04-14,,failed,CUST-00082,4140,linked_account_USD
9484,DU-020,du,TELECOM,4911.08,AED,2026-03-30,,failed,CUST-00086,5219,wallet
9485,DH-012,Daman Health,INSURANCE,1232.08,AED,2026-04-18,2026-04-05T23:34:38Z,paid,CUST-00081,N/A,linked_account_USD
9486,DH-012,Daman Health,INSURANCE,2317.53,AED,2026-04-25,2026-04-25T11:26:49Z,paid,CUST-00005,0174,linked_account_AED
9487,DLD-008,Dubai Land Department,GOVERNMENT,1038.23,AED,2026-04-12,2026-04-25T06:04:36Z,paid,CUST-00093,N/A,linked_account_AED
9488,SZHP-007,Sharjah Police Fines,GOVERNMENT,4025.57,AED,2026-03-31,,failed,CUST-00084,N/A,wallet
9489,SZHP-007,Sharjah Police Fines,GOVERNMENT,3609.63,AED,2026-04-10,2026-04-13T07:51:52Z,paid,CUST-00009,N/A,linked_account_USD
9490,ADWEA-002,ADWEA,UTILITIES,4037.10,AED,2026-03-29,2026-04-02T07:12:55Z,paid,CUST-00099,1859,wallet
9491,ADWEA-002,ADWEA,UTILITIES,100.00,AED,2026-04-27,,paying,CUST-00008,0000,wallet
9492,ADWEA-002,ADWEA,UTILITIES,100.00,AED,2026-04-27,,paying,CUST-00006,0000,wallet
9493,SZHP-007,Sharjah Police Fines,GOVERNMENT,100.00,AED,2026-04-27,,paying,CUST-00003,0000,wallet
9494,SEWA-003,SEWA,UTILITIES,100.00,AED,2026-04-27,,paying,CUST-00089,0000,wallet
9495,ETI-019,Etisalat,TELECOM,100.00,AED,2026-04-27,,paying,CUST-00095,0000,wallet
9496,ADWEA-002,ADWEA,UTILITIES,100.00,AE,2026-04-27,,paid,CUST-00098,0000,wallet
9497,ADWEA-002,ADWEA,UTILITIES,100.00,AE,2026-04-27,,paid,CUST-00001,0000,wallet
9498,DEWA-001,DEWA,UTILITIES,100.00,AE,2026-04-27,,paid,CUST-00094,0000,wallet
9499,SZHP-007,Sharjah Police Fines,GOVERNMENT,100.00,AE,2026-04-27,,paid,CUST-00098,0000,wallet
9500,TS-011,Tadweer,GOVERNMENT,100.00,AE,2026-04-27,,paid,CUST-00003,0000,wallet
