txn_id,card_last4,merchant_name,mcc,auth_amount_usd,auth_ts,captured_ts,status,decline_code,customer_ref,currency_code
TXN-177611ce5dd2,3582,Sharaf DG,5732,1933.81,2026-04-23T03:02:09Z,2026-04-23T03:02:39Z,APPROVED,,CUST-00015,USD
TXN-53475d65a441,6873,ENOC,5541,527.72,2026-04-14T00:56:54Z,2026-04-14T00:57:33Z,APPROVED,,CUST-00045,USD
TXN-53a93eabedcb,7359,Apple Store Dubai Mall,5732,678.52,2026-03-30T23:06:24Z,,APPROVED,,CUST-00015,AED
TXN-53a93eabedcb,7359,Apple Store Dubai Mall,5732,678.52,2026-03-30T23:06:24Z,2026-03-30T23:07:14Z,APPROVED,,CUST-00015,AED
TXN-106fd261a7ab,3257,du,4814,1005.91,2026-04-23T18:53:05Z,2026-04-23T18:53:51Z,APPROVED,,CUST-00014,USD
TXN-ff9ba7cad415,9891,Lulu Hypermarket,5411,1149.84,2026-04-14T03:23:33Z,2026-04-14T03:23:50Z,APPROVED,,CUST-00009,AED
TXN-cc7e956269f0,3582,ENOC,5541,2493.33,2026-04-20T06:49:55Z,2026-04-20T06:50:51Z,APPROVED,,CUST-00033,AED
TXN-51e9a0a04dc4,0711,du,4814,1058.29,2026-04-23T21:59:06Z,2026-04-23T21:59:40Z,REVERSED,,CUST-00025,AED
TXN-05e0f143262f,2045,Sharaf DG,5732,290.81,2026-03-31T22:23:04Z,2026-03-31T22:23:12Z,APPROVED,,CUST-00049,AED
TXN-e84e287d06ca,2045,Carrefour,5411,2190.25,2026-04-14T05:07:47Z,2026-04-14T05:07:54Z,APPROVED,,CUST-00033,AED
TXN-65d79be578c7,3611,Noon,5942,1907.46,2026-03-31T19:34:41Z,,DECLINED,14,CUST-00050,USD
TXN-fa2a52fbe43b,8935,Carrefour,5411,2323.1,2026-04-12T01:43:13Z,,DECLINED,51,CUST-00016,AED
TXN-4063c40db9b4,4333,Noon,5942,1190.83,2026-03-31T07:25:57Z,,DECLINED,05,CUST-00011,AED
TXN-6c70f6e07cc0,5514,ADNOC,5541,1889.39,2026-04-17T05:38:32Z,2026-04-17T05:39:14Z,REVERSED,,CUST-00046,AED
TXN-e04e5f987c71,3527,ADNOC,5541,1131.46,2026-04-14T23:10:09Z,2026-04-14T23:10:45Z,APPROVED,,CUST-00015,AED
TXN-03ae38602ab6,8785,Talabat,5812,1579.6,2026-04-15T21:15:49Z,,DECLINED,51,CUST-00005,USD
TXN-79db839fbc50,4333,Emirates,4111,1216.11,2026-03-31T19:44:49Z,,DECLINED,14,CUST-00009,AED
TXN-7c6a7900f7f9,5574,du,4814,2019.71,2026-04-17T18:09:23Z,2026-04-17T18:09:51Z,APPROVED,,CUST-00007,AED
TXN-3263a56c0941,9654,Carrefour,5411,1821.89,2026-04-21T16:41:33Z,2026-04-21T16:41:42Z,APPROVED,,CUST-00016,AED
TXN-ecdd474ebc19,3657,Amazon AE,5942,1110.61,2026-03-31T06:49:29Z,2026-03-31T06:50:23Z,REVERSED,,CUST-00007,AED
TXN-55263c835dc0,4552,Lulu Hypermarket,5411,1205.99,2026-04-07T12:45:16Z,2026-04-07T12:45:41Z,APPROVED,,CUST-00004,AED
TXN-920c747b6dba,7527,Lulu Hypermarket,5411,2393.51,2026-03-31T00:28:59Z,2026-03-31T00:29:18Z,APPROVED,,CUST-00043,AED
TXN-1d44504867ba,6224,Carrefour,5411,1194.59,2026-04-01T05:11:36Z,2026-04-01T05:12:31Z,APPROVED,,CUST-00011,AED
TXN-22cb98543881,3811,Sharaf DG,5732,1012.42,2026-03-30T08:16:49Z,2026-03-30T08:16:55Z,APPROVED,,CUST-00016,AED
TXN-a1fb85d51695,8279,ADNOC,5541,514.63,2026-04-11T17:56:58Z,2026-04-11T17:57:40Z,APPROVED,,CUST-00016,AED
TXN-04c412922f83,5881,Apple Store Dubai Mall,5732,2496.14,2026-04-22T03:30:49Z,2026-04-22T03:30:58Z,APPROVED,,CUST-00005,AED
TXN-2338e1805081,3811,ADNOC,5541,926.97,2026-04-19T08:12:42Z,2026-04-19T08:13:22Z,APPROVED,,CUST-00029,AED
TXN-04018768a84f,1674,Sharaf DG,5732,751.95,2026-04-21T23:18:47Z,,DECLINED,14,CUST-00009,AED
TXN-4f968da01097,0434,Emirates,4111,1514.05,2026-04-10T08:30:56Z,,DECLINED,14,CUST-00014,AED
TXN-80927d106c60,4012,ADNOC,5541,235.28,2026-04-06T10:29:55Z,2026-04-06T10:30:04Z,APPROVED,,CUST-00018,AED
TXN-52ba430f801d,2615,Etisalat,4814,1381.44,2026-04-06T05:42:32Z,2026-04-06T05:43:29Z,APPROVED,,CUST-00036,AED
TXN-4bd28d7248e2,1424,Lulu Hypermarket,5411,109.36,2026-04-09T07:09:01Z,2026-04-09T07:09:17Z,APPROVED,,CUST-00003,USD
TXN-d010dfed2c43,6201,Costa Coffee,5814,390.61,2026-04-15T12:10:52Z,2026-04-15T12:11:49Z,APPROVED,,CUST-00011,GBP
TXN-aa14ecab3301,4557,du,4814,2006.58,2026-04-14T22:51:52Z,2026-04-14T22:52:17Z,APPROVED,,CUST-00018,AED
TXN-f0fedbccc477,0488,Amazon AE,5942,2042.38,2026-04-04T15:42:29Z,2026-04-04T15:42:44Z,APPROVED,,CUST-00023,AED
TXN-62e1a8f7ef5a,8928,Lulu Hypermarket,5411,700.11,2026-04-23T15:07:09Z,2026-04-23T15:07:35Z,APPROVED,,CUST-00050,AED
TXN-3b0e0710d430,8279,ADNOC,5541,450.53,2026-04-14T02:42:34Z,2026-04-14T02:43:21Z,APPROVED,,CUST-00003,AED
TXN-c5381d9af659,1519,ADNOC,5541,479.25,2026-04-24T20:17:10Z,2026-04-24T20:18:02Z,APPROVED,,CUST-00046,AED
TXN-64e1abae4f43,0106,ENOC,5541,179.58,2026-04-10T23:17:21Z,2026-04-10T23:18:08Z,APPROVED,,CUST-00040,AED
TXN-9e5a81d2c7de,4557,Sharaf DG,5732,818.83,2026-04-12T15:32:13Z,2026-04-12T15:32:38Z,APPROVED,,CUST-00036,AED
TXN-591ae71e43a6,1519,Costa Coffee,5814,755.87,2026-03-31T09:36:25Z,2026-03-31T09:37:16Z,APPROVED,,CUST-00001,AED
TXN-a4fda79ac9aa,2615,Apple Store Dubai Mall,5732,1108.19,2026-04-16T15:01:12Z,,DECLINED,14,CUST-00033,AED
TXN-914c15b52908,4333,Starbucks,5814,1584.19,2026-04-10T17:28:39Z,2026-04-10T17:29:23Z,APPROVED,,CUST-00006,AED
TXN-65f4ce7ae7f6,0409,Noon,5942,120.3,2026-04-03T22:25:34Z,2026-04-03T22:26:01Z,APPROVED,,CUST-00040,AED
TXN-638d935f2b0a,7527,Etisalat,4814,963.03,2026-04-07T14:22:15Z,2026-04-07T14:23:13Z,APPROVED,,CUST-00016,AED
TXN-700b6cd66193,7527,Noon,5942,1297.3,2026-04-24T13:29:29Z,2026-04-24T13:29:59Z,APPROVED,,CUST-00036,AED
TXN-f308dc8aee30,8279,Apple Store Dubai Mall,5732,1880.68,2026-04-13T12:54:32Z,2026-04-13T12:54:48Z,APPROVED,,CUST-00050,AED
TXN-780f49257af1,8928,Emirates,4111,802.68,2026-03-31T18:40:38Z,2026-03-31T18:41:23Z,APPROVED,,CUST-00006,AED
TXN-20e236c59dac,4557,Lulu Hypermarket,5411,830.55,2026-04-04T09:09:32Z,2026-04-04T09:09:57Z,APPROVED,,CUST-00027,AED
TXN-0a00b20dcb6e,1291,RTA,4111,1441.35,2026-04-03T20:16:42Z,2026-04-03T20:17:07Z,APPROVED,,CUST-00001,USD
TXN-f9f93875394c,9863,Amazon AE,5942,1092.41,2026-04-25T14:11:02Z,2026-04-25T14:11:28Z,APPROVED,,CUST-00025,AED
TXN-ef4dd72b6108,1424,ADNOC,5541,2451.9,2026-04-01T01:42:04Z,,APPROVED,,CUST-00002,USD
TXN-ef4dd72b6108,1424,ADNOC,5541,2451.9,2026-04-01T01:42:04Z,2026-04-01T01:42:47Z,APPROVED,,CUST-00002,USD
TXN-db73a48b3dbe,6924,Noon,5942,458.41,2026-04-14T08:53:46Z,2026-04-14T08:54:08Z,APPROVED,,CUST-00025,AED
TXN-8e77610e6a64,4557,du,4814,634.42,2026-04-23T00:34:21Z,2026-04-23T00:34:44Z,APPROVED,,CUST-00031,AED
TXN-66123f4df561,0409,RTA,4111,1555.23,2026-04-15T10:04:30Z,2026-04-15T10:04:44Z,APPROVED,,CUST-00009,AED
TXN-55e85e6fea07,1584,Costa Coffee,5814,2409.52,2026-04-21T10:33:35Z,2026-04-21T10:33:42Z,REVERSED,,CUST-00050,AED
TXN-0d259424aed5,9195,ADNOC,5541,1441.61,2026-04-08T18:44:09Z,2026-04-08T18:44:47Z,APPROVED,,CUST-00026,USD
TXN-7c56a092f52a,7527,Talabat,5812,1932.34,2026-03-28T20:28:12Z,2026-03-28T20:28:15Z,APPROVED,,CUST-00008,AED
TXN-234e5eddbbbf,9891,Starbucks,5814,856.37,2026-04-06T14:35:46Z,2026-04-06T14:36:27Z,REVERSED,,CUST-00032,AED
TXN-def8272a6d8e,2045,Noon,5942,1306.76,2026-04-13T21:19:53Z,2026-04-13T21:20:24Z,APPROVED,,CUST-00040,AED
TXN-896b97ac6aa8,3811,ENOC,5541,2077.67,2026-04-22T19:01:50Z,2026-04-22T19:02:20Z,APPROVED,,CUST-00018,USD
TXN-c20aab0e664e,0409,ENOC,5541,1238.29,2026-04-11T05:19:52Z,2026-04-11T05:20:09Z,APPROVED,,CUST-00012,AED
TXN-61d2f2b43abf,3811,Talabat,5812,1801.59,2026-04-03T06:45:56Z,2026-04-03T06:46:38Z,APPROVED,,CUST-00036,AED
TXN-2fa4046a0df5,3582,Emirates,4111,1013.98,2026-04-15T04:31:45Z,2026-04-15T04:32:21Z,APPROVED,,CUST-00020,AED
TXN-b42054aebd1b,6924,Etisalat,4814,680.94,2026-04-14T19:05:37Z,2026-04-14T19:05:45Z,APPROVED,,CUST-00015,AED
TXN-5ecbb0ae8f08,1535,Amazon AE,5942,1847.82,2026-04-13T13:51:17Z,2026-04-13T13:51:56Z,APPROVED,,CUST-00047,AED
TXN-97ad31b1b099,3611,Amazon AE,5942,452.71,2026-04-26T07:30:58Z,2026-04-26T07:31:02Z,APPROVED,,CUST-00046,AED
TXN-34867daa39f0,1824,RTA,4111,1437.29,2026-04-04T05:06:47Z,2026-04-04T05:06:51Z,APPROVED,,CUST-00031,AED
TXN-f498dc99e04c,3657,Talabat,5812,1004.77,2026-04-23T09:41:17Z,2026-04-23T09:41:27Z,APPROVED,,CUST-00037,AED
TXN-9b90f2f9e5fa,3811,Talabat,5812,300.54,2026-04-06T19:07:20Z,2026-04-06T19:08:10Z,APPROVED,,CUST-00039,AED
TXN-983e715629ee,6224,RTA,4111,2475.13,2026-04-12T04:12:23Z,2026-04-12T04:13:11Z,APPROVED,,CUST-00037,AED
TXN-6a63c342bd2b,1535,Sharaf DG,5732,665.29,2026-04-23T01:24:36Z,,APPROVED,,CUST-00011,AED
TXN-6a63c342bd2b,1535,Sharaf DG,5732,665.29,2026-04-23T01:24:36Z,2026-04-23T01:24:47Z,APPROVED,,CUST-00011,AED
TXN-f098980402a2,4506,Emirates,4111,582.53,2026-04-13T06:36:34Z,2026-04-13T06:36:49Z,APPROVED,,CUST-00045,USD
TXN-6548ef04e57d,8935,Lulu Hypermarket,5411,1363.68,2026-04-19T18:24:54Z,2026-04-19T18:25:05Z,APPROVED,,CUST-00018,AED
TXN-93c4ebd34616,8935,Apple Store Dubai Mall,5732,1174.4,2026-04-12T05:42:30Z,2026-04-12T05:43:05Z,APPROVED,,CUST-00045,AED
TXN-0d3e40181c6e,3582,Talabat,5812,2404.97,2026-03-30T01:50:41Z,2026-03-30T01:51:25Z,REVERSED,,CUST-00038,GBP
TXN-89fdd248a9a7,4506,Costa Coffee,5814,1908.96,2026-04-18T11:53:17Z,2026-04-18T11:53:35Z,APPROVED,,CUST-00031,AED
TXN-df2c95d82980,4552,Sharaf DG,5732,2422.79,2026-04-04T04:23:54Z,2026-04-04T04:24:01Z,APPROVED,,CUST-00023,AED
TXN-d2c3546e035a,4552,Etisalat,4814,724.1,2026-04-07T13:26:22Z,2026-04-07T13:26:43Z,APPROVED,,CUST-00049,AED
TXN-cef0c5c5b37a,2547,RTA,4111,2063.19,2026-04-26T22:39:33Z,2026-04-26T22:39:37Z,APPROVED,,CUST-00043,USD
TXN-ff3ac1a6423b,2615,Sharaf DG,5732,1901.18,2026-04-17T02:50:15Z,,DECLINED,05,CUST-00018,AED
TXN-3e2b7c16128d,5635,Carrefour,5411,1524.13,2026-04-15T09:11:54Z,2026-04-15T09:12:30Z,APPROVED,,CUST-00046,AED
TXN-ec421d0bc9bd,9891,Talabat,5812,2081.2,2026-04-02T19:21:02Z,2026-04-02T19:21:29Z,APPROVED,,CUST-00046,AED
TXN-f1c6faf14ff0,6924,Amazon AE,5942,1380.41,2026-04-08T09:05:24Z,2026-04-08T09:06:21Z,APPROVED,,CUST-00013,USD
TXN-8d7011df12d7,4557,du,4814,852.99,2026-04-02T08:26:34Z,2026-04-02T08:26:54Z,APPROVED,,CUST-00018,AED
TXN-fab2a8f1e091,9674,RTA,4111,1119.14,2026-04-03T11:42:05Z,2026-04-03T11:42:30Z,APPROVED,,CUST-00023,AED
TXN-7a44b28f41de,7359,Costa Coffee,5814,587.74,2026-04-07T01:24:45Z,2026-04-07T01:25:44Z,APPROVED,,CUST-00003,AED
TXN-4de0fb16e5db,4506,Apple Store Dubai Mall,5732,319.98,2026-03-29T08:23:24Z,,DECLINED,05,CUST-00022,USD
TXN-e9f2e912b4bf,2045,Carrefour,5411,364.67,2026-04-19T12:09:23Z,2026-04-19T12:09:45Z,REVERSED,,CUST-00005,AED
TXN-c290889b78d5,5635,ENOC,5541,1798.2,2026-04-03T07:30:00Z,2026-04-03T07:30:41Z,APPROVED,,CUST-00035,AED
TXN-de311723199d,1291,Talabat,5812,1586.2,2026-04-22T02:54:03Z,,APPROVED,,CUST-00029,AED
TXN-de311723199d,1291,Talabat,5812,1586.2,2026-04-22T02:54:03Z,2026-04-22T02:54:05Z,APPROVED,,CUST-00029,AED
TXN-1cbbcbd00ef2,6873,Emirates,4111,940.23,2026-04-19T22:23:57Z,2026-04-19T22:24:48Z,APPROVED,,CUST-00016,AED
TXN-286e2cd1586a,7359,Costa Coffee,5814,1551.18,2026-04-15T07:24:47Z,2026-04-15T07:25:17Z,APPROVED,,CUST-00032,USD
TXN-82ba75a66981,1824,Sharaf DG,5732,2247.78,2026-04-04T09:56:27Z,2026-04-04T09:56:56Z,APPROVED,,CUST-00019,AED
TXN-d93ff6478986,8279,Etisalat,4814,1144.81,2026-04-12T08:00:10Z,,DECLINED,51,CUST-00013,GBP
TXN-c3423cb98350,6873,Costa Coffee,5814,1439.16,2026-04-12T16:01:53Z,,APPROVED,,CUST-00002,GBP
TXN-c3423cb98350,6873,Costa Coffee,5814,1439.16,2026-04-12T16:01:53Z,2026-04-12T16:02:11Z,APPROVED,,CUST-00002,GBP
TXN-191cf93e08d5,1584,ADNOC,5541,1864.2,2026-04-13T02:33:35Z,2026-04-13T02:33:58Z,APPROVED,,CUST-00050,AED
TXN-9e2c0a17991e,2615,du,4814,88.24,2026-04-09T06:54:22Z,,DECLINED,05,CUST-00047,AED
TXN-d4bcbf5ae7e6,0488,Noon,5942,334.74,2026-03-31T19:32:40Z,,DECLINED,51,CUST-00024,AED
TXN-971cce7607ad,8928,Etisalat,4814,2011.56,2026-04-04T06:21:16Z,2026-04-04T06:22:12Z,REVERSED,,CUST-00005,AED
TXN-bb468eac0a33,9654,Talabat,5812,39.73,2026-03-31T22:50:53Z,2026-03-31T22:51:37Z,APPROVED,,CUST-00008,AED
TXN-37795f18e583,3582,Sharaf DG,5732,1181.33,2026-03-30T17:54:47Z,2026-03-30T17:54:52Z,APPROVED,,CUST-00021,USD
TXN-9ab8b379cb1e,4557,Sharaf DG,5732,296.11,2026-04-24T19:10:02Z,2026-04-24T19:10:09Z,APPROVED,,CUST-00003,AED
TXN-4575899ca782,6924,Lulu Hypermarket,5411,930.67,2026-03-31T18:37:49Z,2026-03-31T18:38:46Z,APPROVED,,CUST-00027,AED
TXN-8f3af396ea37,7527,Carrefour,5411,929.47,2026-04-05T11:25:17Z,,DECLINED,51,CUST-00029,GBP
TXN-b7a4a5135ea0,9654,Carrefour,5411,693.32,2026-04-21T01:40:26Z,2026-04-21T01:41:07Z,APPROVED,,CUST-00030,AED
TXN-19e50577aea9,8928,du,4814,612.7,2026-04-20T21:17:17Z,2026-04-20T21:17:53Z,APPROVED,,CUST-00037,AED
TXN-774bdea45c19,9044,ENOC,5541,373.15,2026-03-29T01:37:52Z,2026-03-29T01:38:01Z,REVERSED,,CUST-00001,AED
TXN-80558a4b8f7c,0520,du,4814,279.27,2026-04-25T17:57:51Z,2026-04-25T17:58:07Z,APPROVED,,CUST-00009,AED
TXN-5936040a3aae,4012,Emirates,4111,321.26,2026-04-06T13:32:44Z,2026-04-06T13:33:13Z,APPROVED,,CUST-00034,AED
TXN-e76d1beaf6ac,3582,Starbucks,5814,2363.81,2026-04-24T21:28:34Z,,DECLINED,14,CUST-00047,AED
TXN-ea844d37a539,0409,Sharaf DG,5732,156.76,2026-04-03T17:56:45Z,2026-04-03T17:57:31Z,APPROVED,,CUST-00026,AED
TXN-a4eb14aeaf5c,9674,Costa Coffee,5814,168.88,2026-04-13T15:35:00Z,2026-04-13T15:35:21Z,APPROVED,,CUST-00040,AED
TXN-e84d4b7e6b3c,1584,Starbucks,5814,1078.35,2026-04-21T10:41:53Z,2026-04-21T10:42:40Z,APPROVED,,CUST-00042,AED
TXN-e7326e191042,3582,ADNOC,5541,1037.46,2026-04-04T23:38:08Z,2026-04-04T23:38:36Z,APPROVED,,CUST-00026,AED
TXN-bfa44140752c,0711,Noon,5942,2307.85,2026-04-23T17:47:03Z,2026-04-23T17:47:10Z,APPROVED,,CUST-00006,AED
TXN-a8c78fca7b6a,8935,Sharaf DG,5732,1029.97,2026-04-06T11:14:35Z,2026-04-06T11:14:55Z,APPROVED,,CUST-00047,AED
TXN-4f3836760ce5,5574,Sharaf DG,5732,564.49,2026-04-21T17:55:00Z,2026-04-21T17:55:49Z,APPROVED,,CUST-00023,AED
TXN-0d718e867f3c,4333,Costa Coffee,5814,2074.5,2026-04-14T00:24:03Z,2026-04-14T00:24:23Z,APPROVED,,CUST-00002,AED
TXN-032059dcabd0,9674,Noon,5942,1417.97,2026-04-07T13:03:09Z,2026-04-07T13:03:11Z,APPROVED,,CUST-00005,AED
TXN-6e2587cdb6a1,4557,Lulu Hypermarket,5411,1136.85,2026-04-19T08:36:18Z,2026-04-19T08:36:55Z,APPROVED,,CUST-00024,AED
TXN-1aefe222b6a6,6912,Noon,5942,1887.32,2026-04-24T14:01:21Z,2026-04-24T14:01:49Z,APPROVED,,CUST-00044,AED
TXN-d40f7129cec7,1535,Emirates,4111,1888.58,2026-04-21T11:23:35Z,2026-04-21T11:24:19Z,APPROVED,,CUST-00023,AED
TXN-17404ef492c1,9654,Amazon AE,5942,2461.19,2026-04-24T08:10:28Z,,DECLINED,51,CUST-00001,AED
TXN-82d3c3a00c6f,3257,Emirates,4111,304.36,2026-04-02T20:30:15Z,2026-04-02T20:30:50Z,APPROVED,,CUST-00048,AED
TXN-b555ce6322b6,9654,Talabat,5812,2155.1,2026-04-24T22:42:52Z,,DECLINED,05,CUST-00028,AED
TXN-dbcb9364f3d0,9654,Costa Coffee,5814,1775.2,2026-04-06T17:21:05Z,2026-04-06T17:21:26Z,APPROVED,,CUST-00019,AED
TXN-2d1f5ca260c9,1679,Lulu Hypermarket,5411,612.07,2026-03-29T09:54:55Z,2026-03-29T09:55:15Z,APPROVED,,CUST-00026,AED
TXN-aa8738b8f24e,6912,du,4814,195.57,2026-04-21T11:08:58Z,,DECLINED,05,CUST-00034,AED
TXN-78f825cf0041,9674,Talabat,5812,643.64,2026-04-18T13:51:33Z,2026-04-18T13:51:38Z,APPROVED,,CUST-00039,AED
TXN-ed8b7e7e7419,1519,du,4814,1900.89,2026-04-05T04:59:15Z,2026-04-05T04:59:56Z,APPROVED,,CUST-00044,USD
TXN-4d4a50ee7a92,3657,Apple Store Dubai Mall,5732,1174.96,2026-04-12T07:11:20Z,2026-04-12T07:11:25Z,APPROVED,,CUST-00018,AED
TXN-134173b0a091,3611,Carrefour,5411,2080.08,2026-04-23T06:36:07Z,,DECLINED,14,CUST-00042,USD
TXN-ece8626d719d,1674,Costa Coffee,5814,2385.81,2026-04-25T00:12:19Z,2026-04-25T00:12:32Z,APPROVED,,CUST-00029,USD
TXN-e6aa0fd6f47e,8928,Talabat,5812,2456.05,2026-04-22T21:44:58Z,2026-04-22T21:45:44Z,APPROVED,,CUST-00033,AED
TXN-ba5028a39779,0434,ENOC,5541,971.6,2026-04-10T13:46:26Z,2026-04-10T13:47:08Z,APPROVED,,CUST-00044,AED
TXN-306354669d19,0711,Starbucks,5814,969.48,2026-04-14T18:24:14Z,2026-04-14T18:24:53Z,REVERSED,,CUST-00047,USD
TXN-4cfddf8f4197,2286,ENOC,5541,1458.94,2026-04-20T03:13:27Z,2026-04-20T03:14:10Z,APPROVED,,CUST-00023,AED
TXN-2b60f020e992,1674,Emirates,4111,944.81,2026-04-11T01:17:50Z,2026-04-11T01:18:38Z,APPROVED,,CUST-00009,AED
TXN-d8c8aba301cb,3611,Starbucks,5814,50.49,2026-04-12T00:08:42Z,2026-04-12T00:09:32Z,APPROVED,,CUST-00012,GBP
TXN-4f5423377bbc,0434,Talabat,5812,2111.85,2026-04-22T02:09:45Z,2026-04-22T02:10:42Z,APPROVED,,CUST-00033,AED
TXN-ac6ca97431db,9044,ADNOC,5541,1546.99,2026-03-29T00:09:27Z,2026-03-29T00:10:12Z,APPROVED,,CUST-00025,AED
TXN-165e700b5d5f,3611,Lulu Hypermarket,5411,1692.53,2026-04-15T11:15:27Z,2026-04-15T11:16:18Z,APPROVED,,CUST-00029,AED
TXN-7a7488b4f474,5574,Emirates,4111,2260.42,2026-04-17T13:57:18Z,2026-04-17T13:57:47Z,APPROVED,,CUST-00024,AED
TXN-d65a87079ad4,0488,Noon,5942,2004.14,2026-04-20T06:45:15Z,2026-04-20T06:45:39Z,APPROVED,,CUST-00017,AED
TXN-3fd5d9e604b3,2286,Emirates,4111,1908.98,2026-04-13T18:10:31Z,2026-04-13T18:10:59Z,APPROVED,,CUST-00029,USD
TXN-71aee916da57,2615,RTA,4111,2212.15,2026-04-25T16:55:38Z,2026-04-25T16:55:54Z,APPROVED,,CUST-00027,AED
TXN-bff414e4180c,0409,Amazon AE,5942,800.12,2026-04-22T04:33:36Z,,APPROVED,,CUST-00046,AED
TXN-bff414e4180c,0409,Amazon AE,5942,800.12,2026-04-22T04:33:36Z,2026-04-22T04:33:45Z,APPROVED,,CUST-00046,AED
TXN-470fd4c3a832,8785,du,4814,1175.43,2026-03-28T03:04:03Z,2026-03-28T03:04:17Z,APPROVED,,CUST-00001,USD
TXN-d8b4871c0884,9044,Talabat,5812,723.81,2026-04-12T09:08:01Z,2026-04-12T09:08:52Z,APPROVED,,CUST-00008,AED
TXN-38c210142131,4552,RTA,4111,1493.86,2026-04-26T04:51:06Z,2026-04-26T04:51:16Z,APPROVED,,CUST-00041,AED
TXN-7b2b5a5226e6,4557,Costa Coffee,5814,472.35,2026-04-22T20:15:10Z,2026-04-22T20:15:44Z,APPROVED,,CUST-00034,GBP
TXN-c7e90534a101,5574,RTA,4111,113.62,2026-04-08T05:15:03Z,,APPROVED,,CUST-00024,AED
TXN-c7e90534a101,5574,RTA,4111,113.62,2026-04-08T05:15:03Z,2026-04-08T05:15:54Z,APPROVED,,CUST-00024,AED
TXN-aa3fc1b5b5ca,4506,Noon,5942,883.99,2026-04-10T13:33:50Z,2026-04-10T13:34:20Z,APPROVED,,CUST-00042,AED
TXN-204e2285b2ef,9044,Etisalat,4814,2359.29,2026-04-25T04:54:39Z,,APPROVED,,CUST-00019,AED
TXN-204e2285b2ef,9044,Etisalat,4814,2359.29,2026-04-25T04:54:39Z,2026-04-25T04:55:36Z,APPROVED,,CUST-00019,AED
TXN-9ec2eef16694,9654,Starbucks,5814,2472.86,2026-03-31T15:19:25Z,2026-03-31T15:19:38Z,APPROVED,,CUST-00031,AED
TXN-a9f2a7de02cc,8935,Emirates,4111,1999.36,2026-04-05T18:54:54Z,,DECLINED,05,CUST-00026,AED
TXN-fe0e2fd340c0,4552,Etisalat,4814,921.53,2026-04-01T19:00:00Z,2026-04-01T19:00:06Z,APPROVED,,CUST-00018,AED
TXN-a4754b3446bc,2286,Talabat,5812,823.16,2026-04-12T15:33:17Z,2026-04-12T15:33:28Z,APPROVED,,CUST-00020,AED
TXN-e4ee59fefbbc,2045,Carrefour,5411,2175.74,2026-04-09T21:14:20Z,2026-04-09T21:15:11Z,APPROVED,,CUST-00040,GBP
TXN-cffaa334058a,2547,ENOC,5541,2003.73,2026-04-19T05:36:08Z,2026-04-19T05:36:59Z,APPROVED,,CUST-00002,AED
TXN-226c20509c62,9044,Amazon AE,5942,1614.68,2026-04-09T10:03:51Z,2026-04-09T10:04:01Z,APPROVED,,CUST-00025,USD
TXN-bdeff2e6195f,2615,ENOC,5541,1908.9,2026-03-30T03:19:58Z,2026-03-30T03:20:40Z,APPROVED,,CUST-00009,AED
TXN-3a15f5e4a471,6201,Carrefour,5411,469.19,2026-04-01T20:46:59Z,2026-04-01T20:47:49Z,APPROVED,,CUST-00025,USD
TXN-6ddc723ef466,0434,Costa Coffee,5814,1736.48,2026-04-03T03:42:38Z,,DECLINED,05,CUST-00013,AED
TXN-e3e5b69f68c3,0711,Talabat,5812,2419.07,2026-04-11T11:39:12Z,2026-04-11T11:39:47Z,APPROVED,,CUST-00043,AED
TXN-3e233967e60a,1424,Amazon AE,5942,595.66,2026-04-03T00:25:22Z,2026-04-03T00:25:52Z,APPROVED,,CUST-00002,AED
TXN-42718d38bbd8,2286,Costa Coffee,5814,169.04,2026-04-07T16:06:37Z,2026-04-07T16:07:27Z,APPROVED,,CUST-00046,AED
TXN-25c2932cae01,3257,Noon,5942,1607.63,2026-04-05T03:44:31Z,2026-04-05T03:45:28Z,APPROVED,,CUST-00030,AED
TXN-5d2a96792482,1424,du,4814,1084.38,2026-04-24T07:26:22Z,2026-04-24T07:26:33Z,APPROVED,,CUST-00008,AED
TXN-7370b596ca7c,3527,ENOC,5541,2237.84,2026-04-23T04:07:18Z,2026-04-23T04:07:36Z,REVERSED,,CUST-00017,AED
TXN-2fd58892042f,9891,Starbucks,5814,425.75,2026-03-29T19:29:53Z,2026-03-29T19:30:51Z,APPROVED,,CUST-00010,AED
TXN-151790494583,0409,RTA,4111,207.65,2026-03-30T00:00:47Z,2026-03-30T00:01:14Z,APPROVED,,CUST-00017,AED
TXN-fefe07c0d116,5635,ADNOC,5541,1366.22,2026-04-12T08:02:06Z,2026-04-12T08:02:32Z,APPROVED,,CUST-00031,AED
TXN-50ef0f5675f8,4557,Apple Store Dubai Mall,5732,1213.21,2026-04-17T02:17:46Z,2026-04-17T02:18:32Z,APPROVED,,CUST-00022,AED
TXN-42f366124ab4,3611,du,4814,1289.88,2026-04-21T20:17:13Z,2026-04-21T20:17:42Z,APPROVED,,CUST-00021,AED
TXN-19e818c8a616,7359,Emirates,4111,2161.09,2026-04-06T16:50:16Z,,DECLINED,05,CUST-00016,GBP
TXN-a01cb89bdf7f,1291,Amazon AE,5942,402.56,2026-04-02T00:18:08Z,2026-04-02T00:18:10Z,APPROVED,,CUST-00030,AED
TXN-6e273da06476,6873,Costa Coffee,5814,126.4,2026-04-13T08:11:46Z,2026-04-13T08:12:30Z,APPROVED,,CUST-00032,AED
TXN-042f896490ab,1679,RTA,4111,1080.16,2026-04-14T03:52:01Z,2026-04-14T03:52:04Z,APPROVED,,CUST-00047,AED
TXN-b99c31d4ee09,0434,Starbucks,5814,188.46,2026-04-02T12:30:00Z,2026-04-02T12:30:40Z,APPROVED,,CUST-00029,AED
TXN-41e01e6a6628,9654,Talabat,5812,936.13,2026-04-10T12:56:14Z,2026-04-10T12:56:27Z,APPROVED,,CUST-00036,USD
TXN-17320a4e2552,1424,Carrefour,5411,1785.41,2026-04-04T00:02:54Z,2026-04-04T00:03:27Z,APPROVED,,CUST-00034,AED
TXN-5333518b2f21,5881,Lulu Hypermarket,5411,1849.6,2026-04-12T11:22:01Z,2026-04-12T11:22:36Z,APPROVED,,CUST-00038,AED
TXN-997e901bcdef,0409,Apple Store Dubai Mall,5732,924.05,2026-04-21T16:18:06Z,2026-04-21T16:18:53Z,APPROVED,,CUST-00027,AED
TXN-0da4a1173719,5574,Costa Coffee,5814,667.5,2026-03-29T22:01:43Z,2026-03-29T22:02:14Z,APPROVED,,CUST-00037,AED
TXN-c2a8d756ba9c,0711,Noon,5942,609.28,2026-03-30T04:54:27Z,2026-03-30T04:54:48Z,APPROVED,,CUST-00045,AED
TXN-d21c34323ec6,9044,Starbucks,5814,1530.64,2026-04-04T02:32:24Z,2026-04-04T02:32:58Z,APPROVED,,CUST-00048,AED
TXN-f4eda987b218,7359,Starbucks,5814,787.81,2026-04-18T14:13:41Z,2026-04-18T14:14:04Z,APPROVED,,CUST-00030,USD
TXN-62707bf33a34,9863,Amazon AE,5942,1397.43,2026-04-16T02:00:40Z,2026-04-16T02:01:25Z,APPROVED,,CUST-00020,AED
TXN-f5a85129950d,1674,ENOC,5541,2334.58,2026-04-13T17:23:56Z,2026-04-13T17:24:21Z,APPROVED,,CUST-00019,AED
TXN-94b6257f7595,0434,Carrefour,5411,2388.51,2026-04-23T03:55:27Z,2026-04-23T03:56:15Z,APPROVED,,CUST-00023,USD
TXN-8ad189e03e22,1674,ADNOC,5541,1741.95,2026-04-20T08:03:56Z,,APPROVED,,CUST-00007,AED
TXN-8ad189e03e22,1674,ADNOC,5541,1741.95,2026-04-20T08:03:56Z,2026-04-20T08:04:12Z,APPROVED,,CUST-00007,AED
TXN-1ae03b9b2d45,4557,Talabat,5812,829.08,2026-04-04T01:36:35Z,2026-04-04T01:37:11Z,APPROVED,,CUST-00007,AED
TXN-d056286ed390,5574,Sharaf DG,5732,1196.23,2026-04-17T07:37:02Z,,APPROVED,,CUST-00049,GBP
TXN-d056286ed390,5574,Sharaf DG,5732,1196.23,2026-04-17T07:37:02Z,2026-04-17T07:37:44Z,APPROVED,,CUST-00049,GBP
TXN-2dcdc4cb294f,1519,Sharaf DG,5732,584.39,2026-04-25T04:32:40Z,2026-04-25T04:33:40Z,APPROVED,,CUST-00012,AED
TXN-5f647ed17aab,6201,ADNOC,5541,2405.52,2026-04-12T22:44:48Z,2026-04-12T22:44:55Z,APPROVED,,CUST-00003,AED
TXN-91b255c551fc,9891,Apple Store Dubai Mall,5732,1360.53,2026-04-03T00:33:02Z,2026-04-03T00:33:15Z,APPROVED,,CUST-00009,USD
TXN-533254a7b69b,6924,Etisalat,4814,1622.47,2026-04-17T23:03:45Z,2026-04-17T23:04:22Z,APPROVED,,CUST-00001,AED
TXN-59da317304b5,5635,Costa Coffee,5814,2243.12,2026-04-06T05:41:23Z,2026-04-06T05:41:30Z,APPROVED,,CUST-00033,AED
TXN-f47423ff23d3,3811,ENOC,5541,22.04,2026-04-08T09:06:13Z,2026-04-08T09:06:35Z,APPROVED,,CUST-00016,AED
TXN-85ea02ed73ce,3611,Sharaf DG,5732,1733.46,2026-04-23T23:37:12Z,2026-04-23T23:37:38Z,APPROVED,,CUST-00043,AED
TXN-9f38c5144d98,8935,Etisalat,4814,1598.58,2026-04-12T16:15:23Z,2026-04-12T16:15:32Z,APPROVED,,CUST-00024,AED
TXN-d4e95fa5e0aa,1674,Etisalat,4814,2282.43,2026-03-31T21:44:48Z,2026-03-31T21:45:32Z,APPROVED,,CUST-00043,AED
TXN-b93bb42a0456,1519,Talabat,5812,284.96,2026-03-31T09:56:33Z,2026-03-31T09:56:44Z,APPROVED,,CUST-00033,AED
TXN-e23885351a69,0711,Talabat,5812,517.48,2026-03-29T16:35:02Z,,APPROVED,,CUST-00032,AED
TXN-e23885351a69,0711,Talabat,5812,517.48,2026-03-29T16:35:02Z,2026-03-29T16:35:54Z,APPROVED,,CUST-00032,AED
TXN-e9e16a5943ce,4012,Costa Coffee,5814,1399.2,2026-04-12T00:57:24Z,2026-04-12T00:57:25Z,APPROVED,,CUST-00047,AED
TXN-2564940c3503,0106,Carrefour,5411,864.6,2026-04-23T21:42:52Z,,DECLINED,51,CUST-00035,GBP
TXN-103f78d9a88a,4557,Emirates,4111,454.05,2026-04-20T10:12:51Z,2026-04-20T10:13:18Z,APPROVED,,CUST-00050,AED
TXN-c3d4e42e707a,7359,Apple Store Dubai Mall,5732,942.24,2026-03-31T19:40:11Z,2026-03-31T19:40:23Z,APPROVED,,CUST-00009,AED
TXN-7204fa8dae42,1824,RTA,4111,1891.67,2026-04-12T12:22:55Z,2026-04-12T12:23:30Z,APPROVED,,CUST-00030,AED
TXN-7eb93acb43a3,6873,Apple Store Dubai Mall,5732,392.03,2026-04-17T20:24:16Z,2026-04-17T20:24:59Z,APPROVED,,CUST-00047,AED
TXN-7b3804015ced,3657,Amazon AE,5942,256.74,2026-04-25T08:52:51Z,2026-04-25T08:52:55Z,APPROVED,,CUST-00029,AED
TXN-cdf50b531932,3582,Apple Store Dubai Mall,5732,1351.7,2026-04-24T06:14:17Z,2026-04-24T06:15:10Z,APPROVED,,CUST-00009,AED
TXN-a347937bf79b,1584,Costa Coffee,5814,1932.48,2026-04-11T10:23:54Z,2026-04-11T10:24:37Z,APPROVED,,CUST-00016,AED
TXN-99db69df14e9,4012,Emirates,4111,1394.01,2026-03-29T06:39:29Z,2026-03-29T06:39:57Z,APPROVED,,CUST-00048,USD
TXN-a33186433603,4557,Etisalat,4814,1023.61,2026-04-12T10:36:17Z,2026-04-12T10:36:33Z,APPROVED,,CUST-00025,AED
TXN-49e8b523c0de,6924,du,4814,2287.28,2026-03-30T16:46:23Z,2026-03-30T16:46:32Z,APPROVED,,CUST-00027,GBP
TXN-681b41476506,9891,ENOC,5541,202.28,2026-04-05T03:57:38Z,,APPROVED,,CUST-00024,AED
TXN-681b41476506,9891,ENOC,5541,202.28,2026-04-05T03:57:38Z,2026-04-05T03:57:51Z,APPROVED,,CUST-00024,AED
TXN-605612a1fe7d,1291,du,4814,1471.02,2026-03-30T20:53:32Z,,DECLINED,05,CUST-00014,AED
TXN-07d9e8b3d763,0488,Amazon AE,5942,2405.38,2026-04-21T07:19:01Z,2026-04-21T07:19:17Z,APPROVED,,CUST-00048,GBP
TXN-68b5b42a2d93,3811,Lulu Hypermarket,5411,1382.44,2026-04-13T06:12:44Z,2026-04-13T06:13:04Z,APPROVED,,CUST-00025,AED
TXN-ee987f4d908c,2045,Talabat,5812,1176.38,2026-04-11T10:54:05Z,2026-04-11T10:54:42Z,APPROVED,,CUST-00014,AED
TXN-4ab6bdc2b74b,8279,Carrefour,5411,1385.51,2026-03-29T15:33:13Z,2026-03-29T15:33:26Z,APPROVED,,CUST-00038,AED
TXN-7dd0d5574241,1674,Apple Store Dubai Mall,5732,1638.25,2026-04-10T14:42:33Z,2026-04-10T14:43:20Z,APPROVED,,CUST-00017,AED
TXN-ebf17d97ac0f,2045,Noon,5942,1988.46,2026-04-18T18:47:29Z,2026-04-18T18:48:28Z,APPROVED,,CUST-00009,AED
TXN-1e12f50d7a37,4506,Starbucks,5814,2098.48,2026-04-23T09:23:56Z,2026-04-23T09:24:05Z,APPROVED,,CUST-00043,AED
TXN-22cc3b3f3800,9674,Etisalat,4814,27.81,2026-04-02T10:46:43Z,2026-04-02T10:47:26Z,APPROVED,,CUST-00030,AED
TXN-f766e9aa144b,4552,Sharaf DG,5732,44.25,2026-04-01T03:55:40Z,2026-04-01T03:56:27Z,APPROVED,,CUST-00036,AED
TXN-92c8fa3c1628,2547,Carrefour,5411,2033.83,2026-04-06T02:20:46Z,2026-04-06T02:20:56Z,APPROVED,,CUST-00012,AED
TXN-88de5abca6e5,9654,du,4814,202.15,2026-04-07T06:56:38Z,2026-04-07T06:56:53Z,REVERSED,,CUST-00030,AED
TXN-2fdf081c79d4,7359,Lulu Hypermarket,5411,946.04,2026-04-03T21:24:50Z,2026-04-03T21:24:56Z,APPROVED,,CUST-00004,AED
TXN-a99cc8cce2c2,1679,Costa Coffee,5814,2237.5,2026-04-24T22:25:25Z,,DECLINED,14,CUST-00015,AED
TXN-8acc79ba630a,3657,Carrefour,5411,1712.65,2026-04-13T09:20:31Z,2026-04-13T09:21:31Z,APPROVED,,CUST-00035,AED
TXN-cbedd226a8b3,3657,ADNOC,5541,751.7,2026-03-30T14:56:28Z,2026-03-30T14:57:12Z,APPROVED,,CUST-00016,AED
TXN-c48754ec3f33,6201,du,4814,354.18,2026-04-23T04:37:31Z,2026-04-23T04:37:38Z,APPROVED,,CUST-00033,AED
TXN-26ebd6b361e4,1584,ENOC,5541,1923.67,2026-03-29T02:03:57Z,2026-03-29T02:04:38Z,APPROVED,,CUST-00026,GBP
TXN-e6aefe1a1ba9,3582,Apple Store Dubai Mall,5732,892.75,2026-04-08T18:35:46Z,2026-04-08T18:36:11Z,APPROVED,,CUST-00028,AED
TXN-973b9e5d9c7a,3811,du,4814,1784.21,2026-04-23T00:25:08Z,2026-04-23T00:25:49Z,APPROVED,,CUST-00018,AED
TXN-a22363be441d,1679,ENOC,5541,233.34,2026-04-12T00:50:33Z,2026-04-12T00:50:42Z,APPROVED,,CUST-00029,AED
TXN-e5ce6e54ac6d,1674,Starbucks,5814,1283.54,2026-04-21T23:39:19Z,2026-04-21T23:39:58Z,APPROVED,,CUST-00002,AED
TXN-0651629ef3d8,4557,Emirates,4111,972.56,2026-04-22T21:19:05Z,,DECLINED,51,CUST-00047,USD
TXN-56c86177a771,9863,Noon,5942,756.32,2026-04-03T01:28:09Z,2026-04-03T01:28:36Z,APPROVED,,CUST-00010,AED
TXN-2762c85cd714,8279,ENOC,5541,2360.83,2026-04-02T22:20:54Z,2026-04-02T22:21:03Z,APPROVED,,CUST-00039,AED
TXN-ca98f2e61828,5881,ENOC,5541,952.83,2026-04-11T00:03:22Z,2026-04-11T00:04:18Z,APPROVED,,CUST-00029,AED
TXN-45b2982a2277,3257,Emirates,4111,1510.01,2026-04-17T05:59:28Z,2026-04-17T05:59:49Z,REVERSED,,CUST-00031,AED
TXN-a6da3e0f84ce,9863,Lulu Hypermarket,5411,2042.15,2026-04-07T22:11:51Z,2026-04-07T22:12:29Z,APPROVED,,CUST-00024,AED
TXN-ec59ba2aa7ba,1535,Etisalat,4814,1098.95,2026-04-12T20:34:29Z,2026-04-12T20:35:20Z,APPROVED,,CUST-00045,AED
TXN-47427fd255ee,9195,Sharaf DG,5732,608.84,2026-04-19T12:24:37Z,2026-04-19T12:25:06Z,APPROVED,,CUST-00046,AED
TXN-d62bb113d50b,4506,Starbucks,5814,1977.85,2026-04-09T13:07:05Z,2026-04-09T13:07:46Z,APPROVED,,CUST-00045,USD
TXN-b5c3aa2960fd,9891,Noon,5942,1533.63,2026-03-30T15:48:03Z,2026-03-30T15:48:52Z,APPROVED,,CUST-00042,AED
TXN-dc64cbd5cc86,1824,Talabat,5812,251.02,2026-04-16T05:21:00Z,2026-04-16T05:21:45Z,APPROVED,,CUST-00033,AED
TXN-bf8c721e8b1f,6924,Lulu Hypermarket,5411,1931.99,2026-03-29T10:14:35Z,2026-03-29T10:14:37Z,APPROVED,,CUST-00045,AED
TXN-d4fa4ba17233,2286,ADNOC,5541,294.59,2026-04-20T02:56:12Z,2026-04-20T02:56:26Z,APPROVED,,CUST-00023,AED
TXN-f3cb592a3549,2615,Talabat,5812,1806.37,2026-04-05T00:51:39Z,2026-04-05T00:52:25Z,APPROVED,,CUST-00021,AED
TXN-afa7d963dc72,1679,Sharaf DG,5732,1694.46,2026-04-19T00:30:49Z,2026-04-19T00:31:00Z,APPROVED,,CUST-00048,AED
TXN-76b576492e64,9654,du,4814,1576.25,2026-04-17T22:50:37Z,2026-04-17T22:51:25Z,APPROVED,,CUST-00041,AED
TXN-e62e3283daa4,0106,Costa Coffee,5814,975.15,2026-04-16T13:44:40Z,,APPROVED,,CUST-00014,AED
TXN-e62e3283daa4,0106,Costa Coffee,5814,975.15,2026-04-16T13:44:40Z,2026-04-16T13:45:31Z,APPROVED,,CUST-00014,AED
TXN-bb492fdc9992,0488,ENOC,5541,1146.59,2026-04-14T06:20:11Z,2026-04-14T06:20:52Z,APPROVED,,CUST-00043,USD
TXN-b2231d3e503a,6924,ENOC,5541,1545.32,2026-04-12T13:27:06Z,2026-04-12T13:27:27Z,APPROVED,,CUST-00040,AED
TXN-3be04e2d6255,3611,Noon,5942,1735.12,2026-04-02T04:50:46Z,2026-04-02T04:51:11Z,APPROVED,,CUST-00025,AED
TXN-fab22ab7b2ef,1424,Emirates,4111,471.81,2026-04-05T02:32:45Z,2026-04-05T02:32:46Z,APPROVED,,CUST-00040,AED
TXN-fd6ca72f947d,0711,Lulu Hypermarket,5411,1231.86,2026-04-05T10:52:31Z,2026-04-05T10:53:22Z,APPROVED,,CUST-00032,AED
TXN-10bd4ac66780,3582,Emirates,4111,1346.33,2026-04-18T20:01:21Z,2026-04-18T20:02:11Z,APPROVED,,CUST-00050,AED
TXN-39f682c42e48,8935,Costa Coffee,5814,673.38,2026-03-31T15:14:08Z,2026-03-31T15:14:57Z,APPROVED,,CUST-00024,AED
TXN-6fe48bddcee3,1679,Lulu Hypermarket,5411,1841.29,2026-04-14T23:36:18Z,2026-04-14T23:36:35Z,APPROVED,,CUST-00020,USD
TXN-2c89d1151fff,8935,Apple Store Dubai Mall,5732,1940.2,2026-04-15T11:56:17Z,2026-04-15T11:56:40Z,APPROVED,,CUST-00014,AED
TXN-54fb6d9c5b50,1424,Costa Coffee,5814,1963.2,2026-04-16T22:53:40Z,2026-04-16T22:54:19Z,APPROVED,,CUST-00004,AED
TXN-95d4b43cde0a,1519,Emirates,4111,672.02,2026-04-02T00:39:48Z,2026-04-02T00:40:37Z,APPROVED,,CUST-00044,AED
TXN-1e5aeb346d3a,9891,Emirates,4111,321.59,2026-04-20T13:24:15Z,2026-04-20T13:24:31Z,APPROVED,,CUST-00016,AED
TXN-c910ad1db537,9674,Apple Store Dubai Mall,5732,1445.68,2026-04-13T22:55:19Z,2026-04-13T22:56:00Z,APPROVED,,CUST-00041,AED
TXN-2faac4d598f7,2547,Lulu Hypermarket,5411,1875.76,2026-04-09T02:00:04Z,2026-04-09T02:00:05Z,APPROVED,,CUST-00030,GBP
TXN-eab9f8ded777,4333,Sharaf DG,5732,1744.74,2026-04-23T22:12:52Z,2026-04-23T22:13:45Z,REVERSED,,CUST-00035,AED
TXN-fd4b363be5cb,3257,Emirates,4111,2071.72,2026-04-10T14:29:13Z,2026-04-10T14:29:45Z,APPROVED,,CUST-00036,AED
TXN-18c9c3231466,1679,Carrefour,5411,1567.32,2026-04-04T16:32:55Z,,DECLINED,05,CUST-00002,AED
TXN-005874de5f70,0488,Lulu Hypermarket,5411,2489.26,2026-04-20T14:18:37Z,,DECLINED,05,CUST-00042,AED
TXN-80335c457e4d,3611,Talabat,5812,1662.95,2026-04-18T23:08:58Z,2026-04-18T23:09:43Z,APPROVED,,CUST-00004,AED
TXN-008e185df528,5574,Amazon AE,5942,199.46,2026-03-29T04:18:48Z,2026-03-29T04:18:49Z,APPROVED,,CUST-00015,AED
TXN-3dbed12e0eb5,0106,RTA,4111,1736.61,2026-04-03T19:26:20Z,2026-04-03T19:27:12Z,APPROVED,,CUST-00005,AED
TXN-bc315037cd6b,9195,ADNOC,5541,347.14,2026-04-20T12:52:25Z,2026-04-20T12:52:59Z,APPROVED,,CUST-00042,GBP
TXN-e1542a038ad4,2045,ENOC,5541,536.57,2026-04-19T15:38:11Z,2026-04-19T15:38:25Z,APPROVED,,CUST-00027,AED
TXN-47af19b814fc,8935,du,4814,1475.99,2026-04-08T08:34:14Z,2026-04-08T08:34:23Z,APPROVED,,CUST-00023,GBP
TXN-2b22a505da9c,1674,Amazon AE,5942,1504.49,2026-03-28T12:06:10Z,2026-03-28T12:07:05Z,APPROVED,,CUST-00019,AED
TXN-9a71e03635fc,3527,Amazon AE,5942,1519.28,2026-04-17T20:12:40Z,2026-04-17T20:13:31Z,APPROVED,,CUST-00048,AED
TXN-7a8af4655a21,7359,Apple Store Dubai Mall,5732,286.3,2026-04-02T17:56:39Z,2026-04-02T17:56:40Z,APPROVED,,CUST-00041,AED
TXN-a208ef15ab72,7359,Noon,5942,2152.73,2026-03-30T09:47:20Z,2026-03-30T09:48:09Z,APPROVED,,CUST-00027,AED
TXN-088b12af97e4,3657,Costa Coffee,5814,39.41,2026-04-16T12:38:29Z,,DECLINED,05,CUST-00003,USD
TXN-92ae81b13b80,8785,Sharaf DG,5732,1255.12,2026-04-06T19:59:12Z,2026-04-06T19:59:47Z,APPROVED,,CUST-00028,AED
TXN-8e10271610c1,9195,Talabat,5812,202.16,2026-04-17T03:15:28Z,2026-04-17T03:16:09Z,APPROVED,,CUST-00010,AED
TXN-21d9a4a5c736,7527,Emirates,4111,1096.53,2026-04-15T09:58:03Z,,DECLINED,51,CUST-00004,AED
TXN-1c2c9bdc70d1,4333,Emirates,4111,1855.53,2026-04-18T11:21:28Z,2026-04-18T11:21:29Z,APPROVED,,CUST-00008,AED
TXN-b183f3f8dea4,3527,Starbucks,5814,1958.55,2026-04-14T09:57:20Z,2026-04-14T09:58:16Z,APPROVED,,CUST-00011,AED
TXN-3c71e2ec13f4,0409,du,4814,840.85,2026-04-06T03:48:03Z,2026-04-06T03:48:40Z,APPROVED,,CUST-00018,AED
TXN-e90f7f0386fa,3611,Starbucks,5814,143.32,2026-03-30T11:31:48Z,2026-03-30T11:31:55Z,APPROVED,,CUST-00011,AED
TXN-74f11d8680cb,2547,Etisalat,4814,11.41,2026-04-26T09:41:01Z,2026-04-26T09:42:00Z,APPROVED,,CUST-00016,AED
TXN-121bdb842660,8785,Starbucks,5814,1852.96,2026-04-06T15:23:58Z,2026-04-06T15:24:45Z,APPROVED,,CUST-00015,AED
TXN-27e0d3748a11,3611,Costa Coffee,5814,302.91,2026-04-24T10:37:57Z,2026-04-24T10:38:00Z,APPROVED,,CUST-00012,AED
TXN-9f13d847dc53,2286,ENOC,5541,1384.96,2026-04-26T14:42:55Z,2026-04-26T14:43:15Z,APPROVED,,CUST-00024,AED
TXN-ed873e19fc1d,6224,ENOC,5541,2429.79,2026-04-17T12:18:59Z,2026-04-17T12:19:15Z,APPROVED,,CUST-00047,USD
TXN-d1f0eeb19ad2,3582,Carrefour,5411,1356.16,2026-04-26T12:49:17Z,2026-04-26T12:50:12Z,APPROVED,,CUST-00022,AED
TXN-35384eb9047d,3527,Amazon AE,5942,2457.87,2026-04-06T14:52:45Z,2026-04-06T14:52:55Z,REVERSED,,CUST-00032,GBP
TXN-8f45b62edb49,4506,Talabat,5812,2303.58,2026-04-01T18:26:12Z,2026-04-01T18:27:00Z,APPROVED,,CUST-00027,AED
TXN-c9e8d1e91691,6224,Talabat,5812,1421.71,2026-04-05T21:12:30Z,2026-04-05T21:12:47Z,APPROVED,,CUST-00043,GBP
TXN-a2d853853918,9863,Apple Store Dubai Mall,5732,587.86,2026-04-17T03:49:22Z,2026-04-17T03:49:32Z,APPROVED,,CUST-00009,AED
TXN-ee9e7316ce64,4557,ENOC,5541,306.24,2026-04-09T14:33:54Z,2026-04-09T14:34:11Z,APPROVED,,CUST-00050,AED
TXN-50b21725d2c7,0711,du,4814,764.02,2026-03-28T17:06:06Z,,DECLINED,51,CUST-00003,AED
TXN-cae05b11f51f,4012,Starbucks,5814,1694.57,2026-04-14T08:53:02Z,2026-04-14T08:53:31Z,APPROVED,,CUST-00012,AED
TXN-7fec8cd4b90a,6924,Talabat,5812,259.26,2026-04-20T05:07:46Z,2026-04-20T05:08:01Z,APPROVED,,CUST-00008,AED
TXN-cd19d2dc42c8,0711,ENOC,5541,1577.59,2026-04-22T22:05:14Z,,DECLINED,51,CUST-00038,AED
TXN-653f10813d45,9891,ADNOC,5541,1111.36,2026-04-20T17:56:50Z,2026-04-20T17:57:12Z,APPROVED,,CUST-00006,USD
TXN-ec07f1394e3c,6912,Carrefour,5411,2310.71,2026-04-05T23:20:11Z,2026-04-05T23:20:55Z,APPROVED,,CUST-00047,AED
TXN-6def5a9c0679,0520,ADNOC,5541,691.08,2026-04-05T08:21:33Z,2026-04-05T08:21:49Z,APPROVED,,CUST-00010,AED
TXN-d2f07fb75c57,1674,ADNOC,5541,1200.18,2026-04-22T17:47:50Z,2026-04-22T17:48:32Z,APPROVED,,CUST-00018,AED
TXN-7f90869bc00f,5514,Sharaf DG,5732,1988.14,2026-04-08T10:21:27Z,2026-04-08T10:21:59Z,APPROVED,,CUST-00046,AED
TXN-c6d95254aad3,0520,Emirates,4111,70.03,2026-03-29T00:18:33Z,,APPROVED,,CUST-00015,AED
TXN-c6d95254aad3,0520,Emirates,4111,70.03,2026-03-29T00:18:33Z,2026-03-29T00:18:51Z,APPROVED,,CUST-00015,AED
TXN-f180fdd4ff21,6873,Starbucks,5814,1918.27,2026-04-15T16:48:45Z,2026-04-15T16:49:03Z,APPROVED,,CUST-00011,AED
TXN-1ca0bcaff931,3582,du,4814,1441.35,2026-04-08T03:27:18Z,2026-04-08T03:27:30Z,REVERSED,,CUST-00023,USD
TXN-791d2d14e9f4,3257,Costa Coffee,5814,2016.49,2026-04-09T13:59:15Z,2026-04-09T13:59:52Z,APPROVED,,CUST-00038,AED
TXN-59e24f1e1a37,4506,Apple Store Dubai Mall,5732,230.19,2026-04-15T16:58:27Z,2026-04-15T16:58:28Z,APPROVED,,CUST-00039,AED
TXN-67269d37efb6,1424,du,4814,855.19,2026-04-18T09:14:40Z,2026-04-18T09:15:26Z,APPROVED,,CUST-00021,AED
TXN-38cac63ce21d,3527,RTA,4111,2152.37,2026-04-23T11:29:41Z,2026-04-23T11:30:19Z,APPROVED,,CUST-00024,AED
TXN-a52c4d407b28,6912,Noon,5942,1832.22,2026-04-05T19:00:42Z,2026-04-05T19:00:54Z,APPROVED,,CUST-00041,GBP
TXN-724c5b58eb49,6224,Sharaf DG,5732,2037.06,2026-04-08T15:09:03Z,2026-04-08T15:09:15Z,APPROVED,,CUST-00020,AED
TXN-5d39084a3c4b,3257,Costa Coffee,5814,2302.99,2026-03-28T07:41:22Z,2026-03-28T07:41:54Z,APPROVED,,CUST-00015,AED
TXN-27d6beced21a,6873,Amazon AE,5942,2456.04,2026-04-18T20:23:50Z,2026-04-18T20:24:36Z,APPROVED,,CUST-00041,USD
TXN-e4ac55f3ad50,8279,Carrefour,5411,528.16,2026-04-23T17:00:49Z,,APPROVED,,CUST-00023,AED
TXN-e4ac55f3ad50,8279,Carrefour,5411,528.16,2026-04-23T17:00:49Z,2026-04-23T17:00:50Z,APPROVED,,CUST-00023,AED
TXN-fc7569fd28e6,7359,ADNOC,5541,881.32,2026-04-08T18:41:19Z,2026-04-08T18:41:56Z,APPROVED,,CUST-00007,AED
TXN-737fafe9be90,2615,Noon,5942,188.9,2026-04-25T09:04:17Z,,APPROVED,,CUST-00019,AED
TXN-737fafe9be90,2615,Noon,5942,188.9,2026-04-25T09:04:17Z,2026-04-25T09:04:24Z,APPROVED,,CUST-00019,AED
TXN-5262601e0211,3657,Etisalat,4814,1369.88,2026-04-22T11:31:31Z,2026-04-22T11:32:02Z,APPROVED,,CUST-00022,AED
TXN-547aa754a29f,0106,Costa Coffee,5814,396.97,2026-04-22T02:01:34Z,2026-04-22T02:02:19Z,APPROVED,,CUST-00022,AED
TXN-87d08a45a905,0434,Sharaf DG,5732,747.01,2026-04-22T08:15:00Z,2026-04-22T08:15:32Z,APPROVED,,CUST-00004,AED
TXN-01f45c5f48d4,2286,Lulu Hypermarket,5411,739.9,2026-03-28T20:41:54Z,2026-03-28T20:42:05Z,APPROVED,,CUST-00031,AED
TXN-29f3fa207403,8935,Apple Store Dubai Mall,5732,774.34,2026-04-07T16:55:02Z,2026-04-07T16:55:08Z,APPROVED,,CUST-00031,AED
TXN-5ea86334fa2a,7359,ENOC,5541,926.66,2026-04-05T08:38:03Z,2026-04-05T08:38:18Z,APPROVED,,CUST-00003,AED
TXN-1f8f907276ea,1291,Noon,5942,1742.7,2026-04-22T07:20:00Z,2026-04-22T07:20:27Z,APPROVED,,CUST-00006,AED
TXN-747c96f84ff7,4012,Starbucks,5814,2102.79,2026-04-01T15:08:52Z,2026-04-01T15:09:52Z,APPROVED,,CUST-00027,GBP
TXN-78a6e1b41171,9195,Apple Store Dubai Mall,5732,201.99,2026-04-25T07:32:19Z,2026-04-25T07:32:56Z,APPROVED,,CUST-00033,AED
TXN-4b7e9eca381b,1291,Talabat,5812,1125.35,2026-04-18T21:14:21Z,,APPROVED,,CUST-00014,AED
TXN-4b7e9eca381b,1291,Talabat,5812,1125.35,2026-04-18T21:14:21Z,2026-04-18T21:14:49Z,APPROVED,,CUST-00014,AED
TXN-deebaee14f87,5635,Amazon AE,5942,373.96,2026-03-29T02:43:10Z,,APPROVED,,CUST-00017,AED
TXN-deebaee14f87,5635,Amazon AE,5942,373.96,2026-03-29T02:43:10Z,2026-03-29T02:44:02Z,APPROVED,,CUST-00017,AED
TXN-0654df9b7c1f,7527,du,4814,1559.53,2026-04-01T15:10:17Z,2026-04-01T15:10:54Z,APPROVED,,CUST-00027,AED
TXN-334df08ce6c2,1679,ADNOC,5541,1408.9,2026-04-22T02:20:16Z,,DECLINED,05,CUST-00019,USD
TXN-c41e439e754c,4552,Sharaf DG,5732,1432.2,2026-04-04T00:51:39Z,2026-04-04T00:52:19Z,APPROVED,,CUST-00003,AED
TXN-cdaeb193c8b8,9654,Carrefour,5411,2224.49,2026-04-10T21:46:54Z,2026-04-10T21:47:53Z,APPROVED,,CUST-00045,AED
TXN-0a5b5f584603,9195,ENOC,5541,780.82,2026-04-03T03:13:20Z,2026-04-03T03:13:35Z,REVERSED,,CUST-00045,AED
TXN-99d8226716e3,2615,Etisalat,4814,1936.21,2026-04-11T10:09:41Z,2026-04-11T10:09:47Z,APPROVED,,CUST-00018,AED
TXN-d078d2efa93b,4552,Etisalat,4814,1899.94,2026-04-08T20:21:47Z,2026-04-08T20:22:07Z,APPROVED,,CUST-00004,AED
TXN-457367443fb8,3527,du,4814,2198.93,2026-04-25T14:16:23Z,,APPROVED,,CUST-00012,AED
TXN-457367443fb8,3527,du,4814,2198.93,2026-04-25T14:16:23Z,2026-04-25T14:17:17Z,APPROVED,,CUST-00012,AED
TXN-e9b308775804,3611,Carrefour,5411,1763.06,2026-04-13T16:47:36Z,2026-04-13T16:48:17Z,APPROVED,,CUST-00024,AED
TXN-0fa5ae61716a,3611,Amazon AE,5942,1224.52,2026-04-05T08:15:07Z,2026-04-05T08:15:43Z,APPROVED,,CUST-00012,GBP
TXN-846fe4fd6c34,7527,Etisalat,4814,230.53,2026-04-25T16:01:05Z,,DECLINED,51,CUST-00025,AED
TXN-7154db6ba39b,3582,Sharaf DG,5732,1695.85,2026-04-13T22:29:42Z,2026-04-13T22:30:32Z,APPROVED,,CUST-00042,AED
TXN-048eaea4a441,1424,Apple Store Dubai Mall,5732,1620.19,2026-03-28T19:37:08Z,2026-03-28T19:37:28Z,APPROVED,,CUST-00001,AED
TXN-d8fd467f358b,7359,ADNOC,5541,2129.71,2026-04-04T17:13:43Z,2026-04-04T17:14:17Z,APPROVED,,CUST-00017,AED
TXN-03c31a312044,4333,Starbucks,5814,2416.38,2026-04-08T19:59:27Z,2026-04-08T19:59:47Z,APPROVED,,CUST-00036,AED
TXN-20af7b53359e,9863,ENOC,5541,1603.28,2026-04-13T13:24:21Z,2026-04-13T13:25:03Z,REVERSED,,CUST-00017,AED
TXN-60704c7d9313,3527,Noon,5942,1914.86,2026-04-24T05:51:10Z,2026-04-24T05:51:19Z,APPROVED,,CUST-00039,AED
TXN-fea7a7c854e4,8279,Emirates,4111,2267.74,2026-04-07T08:36:30Z,2026-04-07T08:37:07Z,APPROVED,,CUST-00025,AED
TXN-71d9b69f5eab,5514,Sharaf DG,5732,1597.59,2026-04-03T21:43:42Z,2026-04-03T21:43:53Z,APPROVED,,CUST-00043,AED
TXN-966a2e5eeb6a,5574,Talabat,5812,324.22,2026-04-14T10:38:56Z,2026-04-14T10:39:08Z,APPROVED,,CUST-00047,AED
TXN-abd8e64b9b37,2286,Sharaf DG,5732,559.52,2026-04-16T03:48:15Z,2026-04-16T03:49:12Z,APPROVED,,CUST-00048,USD
TXN-ed724b46ef33,8935,RTA,4111,1178.99,2026-03-29T16:05:11Z,2026-03-29T16:06:08Z,APPROVED,,CUST-00038,USD
TXN-c36aae423568,9195,Starbucks,5814,1035.7,2026-04-19T16:19:50Z,2026-04-19T16:20:27Z,APPROVED,,CUST-00009,GBP
TXN-ea46fc950bba,3257,Noon,5942,2156.67,2026-04-18T05:52:09Z,2026-04-18T05:52:21Z,APPROVED,,CUST-00050,AED
TXN-02690ed9fa95,9863,Apple Store Dubai Mall,5732,527.41,2026-04-18T19:33:37Z,2026-04-18T19:34:26Z,APPROVED,,CUST-00037,AED
TXN-ce896dedcba5,5574,Lulu Hypermarket,5411,961.37,2026-04-25T04:02:49Z,2026-04-25T04:02:50Z,APPROVED,,CUST-00035,AED
TXN-619387f1d48c,0711,Carrefour,5411,15.29,2026-04-14T22:06:01Z,2026-04-14T22:06:10Z,APPROVED,,CUST-00015,AED
TXN-55834e5d8f12,4506,Talabat,5812,749.01,2026-04-12T21:09:40Z,2026-04-12T21:10:02Z,APPROVED,,CUST-00030,AED
TXN-af7a2240063b,4552,ADNOC,5541,901.33,2026-04-17T20:28:04Z,,DECLINED,05,CUST-00011,USD
TXN-74f304e55bd5,2045,Amazon AE,5942,2462.27,2026-04-16T17:56:44Z,2026-04-16T17:56:52Z,APPROVED,,CUST-00047,AED
TXN-c0190990a647,5635,ADNOC,5541,643.19,2026-04-01T00:59:26Z,2026-04-01T01:00:09Z,REVERSED,,CUST-00040,AED
TXN-0a1bd60bf603,7527,Carrefour,5411,293.9,2026-04-05T10:20:11Z,2026-04-05T10:20:56Z,APPROVED,,CUST-00025,AED
TXN-04c3a15c159a,4557,Emirates,4111,1655.85,2026-04-01T17:47:45Z,2026-04-01T17:48:12Z,APPROVED,,CUST-00018,AED
TXN-90be1e23da4b,1679,Talabat,5812,1246.86,2026-03-28T10:27:42Z,2026-03-28T10:27:55Z,APPROVED,,CUST-00013,AED
TXN-973868e5c8cd,4506,Noon,5942,1372.61,2026-04-16T22:01:09Z,,APPROVED,,CUST-00045,USD
TXN-973868e5c8cd,4506,Noon,5942,1372.61,2026-04-16T22:01:09Z,2026-04-16T22:01:10Z,APPROVED,,CUST-00045,USD
TXN-4c5c7e7d9a19,9044,Talabat,5812,1281.7,2026-04-22T01:59:17Z,2026-04-22T01:59:36Z,APPROVED,,CUST-00017,AED
TXN-331a0cd20e43,0520,RTA,4111,2185.98,2026-04-12T21:27:53Z,2026-04-12T21:28:41Z,APPROVED,,CUST-00024,AED
TXN-177ee3ea2d7f,1424,Carrefour,5411,1660.07,2026-04-18T17:20:20Z,2026-04-18T17:21:00Z,APPROVED,,CUST-00022,AED
TXN-2f97bbaa574f,8928,ENOC,5541,461.26,2026-04-07T13:03:38Z,2026-04-07T13:04:03Z,APPROVED,,CUST-00026,GBP
TXN-39e22ab202c2,7527,Noon,5942,1817.4,2026-04-19T06:17:28Z,2026-04-19T06:18:20Z,APPROVED,,CUST-00007,AED
TXN-5cce702b7014,7359,Costa Coffee,5814,1949.01,2026-03-28T07:42:57Z,,DECLINED,14,CUST-00002,USD
TXN-f7562172a0aa,4552,ADNOC,5541,286.78,2026-04-07T00:49:09Z,,APPROVED,,CUST-00029,AED
TXN-f7562172a0aa,4552,ADNOC,5541,286.78,2026-04-07T00:49:09Z,2026-04-07T00:49:30Z,APPROVED,,CUST-00029,AED
TXN-ad35df865633,3527,Starbucks,5814,1722.16,2026-04-22T09:02:06Z,2026-04-22T09:02:29Z,APPROVED,,CUST-00028,AED
TXN-c50ea4331510,1674,Noon,5942,2230.69,2026-03-28T05:54:13Z,,DECLINED,14,CUST-00004,AED
TXN-f046d94df188,4552,RTA,4111,2174.19,2026-04-23T08:46:33Z,,APPROVED,,CUST-00049,AED
TXN-f046d94df188,4552,RTA,4111,2174.19,2026-04-23T08:46:33Z,2026-04-23T08:46:51Z,APPROVED,,CUST-00049,AED
TXN-c1dca4b0718e,3811,Lulu Hypermarket,5411,201.68,2026-04-05T10:28:57Z,,DECLINED,05,CUST-00037,AED
TXN-3cc750e96888,6201,Apple Store Dubai Mall,5732,1635.17,2026-04-22T00:24:43Z,2026-04-22T00:24:44Z,APPROVED,,CUST-00026,AED
TXN-9bf4a335b2c8,2547,ADNOC,5541,1408.02,2026-04-04T20:28:46Z,2026-04-04T20:29:01Z,APPROVED,,CUST-00022,AED
TXN-f23e99966612,4333,Etisalat,4814,911.42,2026-04-05T00:45:42Z,2026-04-05T00:45:43Z,APPROVED,,CUST-00008,AED
TXN-bf6e85a0d089,1679,Etisalat,4814,119.22,2026-04-19T00:44:43Z,2026-04-19T00:45:30Z,APPROVED,,CUST-00032,AED
TXN-60053227e8d8,9654,Talabat,5812,542.9,2026-04-17T17:57:35Z,2026-04-17T17:57:38Z,APPROVED,,CUST-00046,AED
TXN-3f1696bc532d,2615,du,4814,1146.18,2026-03-29T09:23:49Z,2026-03-29T09:24:23Z,APPROVED,,CUST-00033,AED
TXN-f74295ca788d,2547,ADNOC,5541,1953.8,2026-04-18T09:32:40Z,2026-04-18T09:32:49Z,APPROVED,,CUST-00045,AED
TXN-c4f2e1a2cfe7,1584,Lulu Hypermarket,5411,2290.2,2026-04-14T22:46:52Z,2026-04-14T22:47:11Z,APPROVED,,CUST-00018,AED
TXN-46bf2224a806,1584,Lulu Hypermarket,5411,1751.54,2026-04-02T03:08:01Z,2026-04-02T03:08:22Z,APPROVED,,CUST-00020,AED
TXN-6f47a1f0fa7a,1535,Amazon AE,5942,1562.3,2026-04-12T21:27:02Z,2026-04-12T21:27:48Z,APPROVED,,CUST-00044,AED
TXN-5b0af554e1f8,5514,Starbucks,5814,1737.31,2026-04-11T08:23:55Z,2026-04-11T08:24:26Z,APPROVED,,CUST-00046,AED
TXN-d5bfb5caa993,6201,Sharaf DG,5732,2235.2,2026-04-01T01:57:30Z,2026-04-01T01:57:31Z,APPROVED,,CUST-00019,USD
TXN-c30106783c34,4012,Noon,5942,1677.28,2026-04-17T07:05:49Z,2026-04-17T07:06:08Z,APPROVED,,CUST-00018,AED
TXN-971cc8cba592,1291,Amazon AE,5942,1355.22,2026-04-09T14:06:17Z,,DECLINED,14,CUST-00029,AED
TXN-79a6638e1388,7527,Starbucks,5814,722.66,2026-04-24T17:15:53Z,2026-04-24T17:16:37Z,REVERSED,,CUST-00025,AED
TXN-1b8b8d5809b7,6201,Carrefour,5411,632.1,2026-04-05T11:47:36Z,2026-04-05T11:48:18Z,APPROVED,,CUST-00015,USD
TXN-969e318910ec,0520,Apple Store Dubai Mall,5732,2458.72,2026-04-23T09:14:15Z,2026-04-23T09:14:23Z,APPROVED,,CUST-00012,GBP
TXN-8ee76db2b020,8279,Starbucks,5814,329.52,2026-03-29T15:36:25Z,2026-03-29T15:37:25Z,APPROVED,,CUST-00017,AED
TXN-9a30a971a31f,1519,Apple Store Dubai Mall,5732,1377.65,2026-04-23T11:05:16Z,2026-04-23T11:05:28Z,APPROVED,,CUST-00046,AED
TXN-d4f428cc812a,5514,Starbucks,5814,1011.53,2026-04-10T00:54:58Z,2026-04-10T00:55:20Z,APPROVED,,CUST-00015,USD
TXN-f32087cec69d,1291,Starbucks,5814,2452.93,2026-04-26T13:44:35Z,2026-04-26T13:45:33Z,APPROVED,,CUST-00008,AED
TXN-a451e2ba9fce,8935,Lulu Hypermarket,5411,967.76,2026-03-31T18:34:41Z,,DECLINED,05,CUST-00047,AED
TXN-e420823c7ef9,4506,Apple Store Dubai Mall,5732,744.6,2026-04-17T15:42:25Z,,DECLINED,51,CUST-00021,AED
TXN-03c088802d4d,3657,Sharaf DG,5732,530.9,2026-04-16T15:37:59Z,2026-04-16T15:38:34Z,APPROVED,,CUST-00044,AED
TXN-4eb8afa08cbe,6924,Carrefour,5411,1793.59,2026-04-25T03:51:34Z,2026-04-25T03:51:51Z,APPROVED,,CUST-00006,AED
TXN-d0b54236c0bf,2615,Lulu Hypermarket,5411,1577.39,2026-04-05T23:29:22Z,,APPROVED,,CUST-00021,AED
TXN-d0b54236c0bf,2615,Lulu Hypermarket,5411,1577.39,2026-04-05T23:29:22Z,2026-04-05T23:29:57Z,APPROVED,,CUST-00021,AED
TXN-252ad926fe41,2547,ENOC,5541,269.81,2026-04-12T08:54:04Z,2026-04-12T08:54:33Z,APPROVED,,CUST-00039,AED
TXN-f2ae07e3c39a,5514,Noon,5942,553.56,2026-04-08T00:27:39Z,2026-04-08T00:27:59Z,APPROVED,,CUST-00035,AED
TXN-05b5f3102525,1674,Starbucks,5814,357.73,2026-04-24T23:19:51Z,2026-04-24T23:20:27Z,APPROVED,,CUST-00001,AED
TXN-6b8c4e003d55,6201,Etisalat,4814,2259.35,2026-04-10T07:23:02Z,2026-04-10T07:23:35Z,APPROVED,,CUST-00014,AED
TXN-710b2f1a25a8,8279,Costa Coffee,5814,489.84,2026-04-18T04:42:10Z,,DECLINED,14,CUST-00043,AED
TXN-25738cb6d1f0,4333,Emirates,4111,173.07,2026-04-22T05:35:10Z,2026-04-22T05:35:32Z,APPROVED,,CUST-00013,AED
TXN-33393c0a584e,5881,Emirates,4111,179.17,2026-04-17T14:33:29Z,2026-04-17T14:34:12Z,APPROVED,,CUST-00021,AED
TXN-4e06958c2936,1519,Costa Coffee,5814,914.41,2026-04-11T15:26:43Z,2026-04-11T15:27:34Z,APPROVED,,CUST-00028,AED
TXN-8da86fa5d3b0,3611,RTA,4111,340.09,2026-04-10T21:42:05Z,2026-04-10T21:42:25Z,APPROVED,,CUST-00031,AED
TXN-59fe1bdc74a9,1584,Sharaf DG,5732,209.52,2026-04-13T09:03:32Z,2026-04-13T09:04:19Z,APPROVED,,CUST-00009,USD
TXN-6cee970c9eb4,4506,ADNOC,5541,1381.23,2026-03-31T14:48:45Z,2026-03-31T14:49:09Z,APPROVED,,CUST-00035,AED
TXN-94fddb6f1c33,6924,Noon,5942,1255.3,2026-04-22T14:29:49Z,2026-04-22T14:30:05Z,APPROVED,,CUST-00026,AED
TXN-47de839e7623,6912,Apple Store Dubai Mall,5732,451.97,2026-03-30T12:46:51Z,2026-03-30T12:47:38Z,APPROVED,,CUST-00043,USD
TXN-14b15bda0655,1291,Amazon AE,5942,1221.67,2026-04-23T22:45:42Z,2026-04-23T22:45:56Z,APPROVED,,CUST-00017,AED
TXN-b8f5ca9d2704,5574,Lulu Hypermarket,5411,2295.17,2026-04-24T17:53:48Z,2026-04-24T17:54:34Z,APPROVED,,CUST-00003,GBP
TXN-86d1bdedcb7a,5514,Costa Coffee,5814,1427.55,2026-04-08T17:09:36Z,2026-04-08T17:10:34Z,APPROVED,,CUST-00042,AED
TXN-80cf84440504,3582,Lulu Hypermarket,5411,1293.35,2026-04-09T20:50:39Z,,APPROVED,,CUST-00023,AED
TXN-80cf84440504,3582,Lulu Hypermarket,5411,1293.35,2026-04-09T20:50:39Z,2026-04-09T20:51:18Z,APPROVED,,CUST-00023,AED
TXN-4726e1ccff0d,6912,Apple Store Dubai Mall,5732,578.83,2026-04-02T00:30:58Z,2026-04-02T00:31:09Z,APPROVED,,CUST-00042,AED
TXN-d4483af7fa21,8928,du,4814,1802.04,2026-04-03T14:59:33Z,2026-04-03T14:59:44Z,APPROVED,,CUST-00044,AED
TXN-0b7e6930b0c4,4506,Amazon AE,5942,324.07,2026-03-29T05:51:54Z,2026-03-29T05:52:52Z,APPROVED,,CUST-00011,AED
TXN-552a0e503fd8,0520,Emirates,4111,1294.02,2026-04-07T07:36:33Z,2026-04-07T07:37:30Z,APPROVED,,CUST-00039,GBP
TXN-6ee515f39d39,1584,Apple Store Dubai Mall,5732,2481.98,2026-04-03T14:48:57Z,2026-04-03T14:49:07Z,APPROVED,,CUST-00011,AED
TXN-55df43b7a0ef,0711,Etisalat,4814,859.96,2026-04-04T23:40:09Z,2026-04-04T23:40:34Z,APPROVED,,CUST-00039,AED
TXN-679a043d72db,2547,Starbucks,5814,1712.5,2026-04-19T17:44:55Z,2026-04-19T17:45:35Z,APPROVED,,CUST-00039,AED
TXN-3c2bc09c2ebe,5574,Talabat,5812,1650.18,2026-03-28T16:54:04Z,,DECLINED,14,CUST-00035,AED
TXN-dceda6340d1a,4557,Starbucks,5814,929.09,2026-04-24T21:23:27Z,2026-04-24T21:24:19Z,APPROVED,,CUST-00045,AED
TXN-c331c4c7aab4,6224,ENOC,5541,2012.53,2026-03-30T00:46:15Z,2026-03-30T00:47:05Z,APPROVED,,CUST-00007,AED
TXN-2aeadbeae9f8,1584,Emirates,4111,2192.53,2026-04-07T03:53:32Z,,APPROVED,,CUST-00017,AED
TXN-2aeadbeae9f8,1584,Emirates,4111,2192.53,2026-04-07T03:53:32Z,2026-04-07T03:54:23Z,APPROVED,,CUST-00017,AED
TXN-3c5485c53910,1824,Starbucks,5814,940.7,2026-04-17T00:40:12Z,2026-04-17T00:40:19Z,APPROVED,,CUST-00045,AED
TXN-85c940ee131d,5514,RTA,4111,1061.79,2026-04-09T05:59:38Z,2026-04-09T06:00:27Z,APPROVED,,CUST-00040,AED
TXN-f7068ebc6d7e,3611,Noon,5942,1399.94,2026-04-03T12:22:43Z,2026-04-03T12:23:33Z,APPROVED,,CUST-00017,GBP
TXN-46b0bc5c3cd8,4333,RTA,4111,302.12,2026-04-15T20:17:50Z,,DECLINED,51,CUST-00029,AED
TXN-1aa6b4f02f6f,7359,Noon,5942,2411.6,2026-04-26T17:50:10Z,2026-04-26T17:50:49Z,APPROVED,,CUST-00006,AED
TXN-86b3106793b6,3611,Amazon AE,5942,204.7,2026-04-25T04:00:43Z,2026-04-25T04:01:23Z,REVERSED,,CUST-00047,AED
TXN-e0c07e8eed12,0488,Carrefour,5411,2127.17,2026-04-01T20:18:28Z,2026-04-01T20:19:01Z,APPROVED,,CUST-00019,AED
TXN-b82f093b4d72,9891,Amazon AE,5942,5.72,2026-04-19T08:33:49Z,2026-04-19T08:34:12Z,APPROVED,,CUST-00006,GBP
TXN-2321b4209103,2286,ADNOC,5541,1376.23,2026-03-30T20:35:07Z,2026-03-30T20:35:25Z,REVERSED,,CUST-00038,AED
TXN-6398f68ae9b7,9654,Apple Store Dubai Mall,5732,1439.39,2026-04-14T07:47:16Z,2026-04-14T07:47:21Z,APPROVED,,CUST-00012,AED
TXN-eaeec68da4b2,6924,Sharaf DG,5732,2241.83,2026-04-25T16:08:03Z,2026-04-25T16:08:44Z,APPROVED,,CUST-00031,AED
TXN-75b9b38046ef,3257,du,4814,1034.0,2026-04-09T20:36:47Z,2026-04-09T20:37:04Z,APPROVED,,CUST-00034,AED
TXN-cc4017cf775f,6201,Sharaf DG,5732,2053.58,2026-04-23T07:25:13Z,2026-04-23T07:25:36Z,APPROVED,,CUST-00036,USD
TXN-89c492ded495,6201,Noon,5942,1709.35,2026-04-17T18:26:20Z,2026-04-17T18:26:36Z,APPROVED,,CUST-00032,AED
TXN-755a34ef71df,3811,Amazon AE,5942,2091.66,2026-04-09T17:11:53Z,2026-04-09T17:11:59Z,APPROVED,,CUST-00010,AED
TXN-fc3ea9d6290d,1824,Costa Coffee,5814,1911.79,2026-03-31T17:08:14Z,2026-03-31T17:08:35Z,APPROVED,,CUST-00003,AED
TXN-8ca9de67a278,0520,Apple Store Dubai Mall,5732,2461.06,2026-04-02T04:29:11Z,,APPROVED,,CUST-00018,AED
TXN-8ca9de67a278,0520,Apple Store Dubai Mall,5732,2461.06,2026-04-02T04:29:11Z,2026-04-02T04:29:20Z,APPROVED,,CUST-00018,AED
TXN-d8aacc9cf41c,5514,Apple Store Dubai Mall,5732,86.24,2026-04-10T03:22:45Z,2026-04-10T03:23:15Z,APPROVED,,CUST-00026,USD
TXN-a19d75c72fb6,1824,Etisalat,4814,34.49,2026-04-16T18:27:21Z,2026-04-16T18:28:01Z,APPROVED,,CUST-00025,AED
TXN-796a434a130e,5574,Emirates,4111,2396.52,2026-04-10T08:15:50Z,2026-04-10T08:16:17Z,APPROVED,,CUST-00024,AED
TXN-baeb5f4faf10,9654,RTA,4111,702.68,2026-04-18T06:24:50Z,2026-04-18T06:25:05Z,APPROVED,,CUST-00037,AED
TXN-8a36b8875caf,3811,du,4814,1390.57,2026-04-08T12:14:20Z,2026-04-08T12:14:30Z,REVERSED,,CUST-00013,AED
TXN-5a6c027e789c,4552,Lulu Hypermarket,5411,340.51,2026-04-01T21:38:36Z,2026-04-01T21:38:56Z,APPROVED,,CUST-00035,AED
TXN-cbfb0c36ad4e,7527,Talabat,5812,412.54,2026-04-16T12:57:45Z,2026-04-16T12:58:14Z,APPROVED,,CUST-00017,AED
TXN-b8d042803aa0,1674,ENOC,5541,1395.94,2026-04-14T11:44:26Z,2026-04-14T11:45:22Z,APPROVED,,CUST-00023,AED
TXN-65dd9b0707e5,1519,Costa Coffee,5814,1626.41,2026-03-31T20:40:27Z,2026-03-31T20:40:48Z,APPROVED,,CUST-00012,GBP
TXN-bad000000000,0000,Apple Store Dubai Mall,5732,-1937.99,2026-04-05T07:17:20Z,2026-04-23T04:38:56Z,APPROVED,,CUST-00025,AED
TXN-bad000000001,0000,Costa Coffee,5814,-719.88,2026-04-19T23:14:23Z,2026-04-18T20:45:38Z,APPROVED,,CUST-00041,AED
TXN-bad000000002,0000,du,4814,-2321.77,2026-04-06T12:32:54Z,2026-03-28T06:36:26Z,APPROVED,,CUST-00037,AED
TXN-bad000000003,0000,Lulu Hypermarket,5411,-2123.01,2026-04-23T12:52:42Z,2026-04-23T03:49:41Z,APPROVED,,CUST-00011,AED
TXN-bad000000004,0000,ENOC,5541,574.4,2026-04-11T14:48:37Z,2026-04-12T20:32:43Z,APPROVED,,CUST-00046,
TXN-bad000000005,0000,Emirates,4111,1515.44,2026-04-07T19:15:41Z,2026-04-13T19:58:24Z,APPROVED,,CUST-00029,
TXN-bad000000006,0000,du,4814,2157.7,2026-04-09T08:52:57Z,2026-03-29T12:11:21Z,APPROVED,,CUST-00034,
TXN-bad000000007,0000,Apple Store Dubai Mall,5732,1037.9,2026-04-18T01:45:26Z,2026-04-25T21:05:07Z,APPROVED,,CUST-00009,AE
TXN-bad000000008,0000,Etisalat,4814,590.39,2026-04-14T18:48:36Z,2026-04-23T02:43:05Z,APPROVED,,CUST-00014,AE
TXN-bad000000009,0000,Noon,5942,995.63,2026-04-22T08:40:19Z,2026-04-23T21:40:36Z,APPROVED,,CUST-00031,AE
