transfer_uuid,from_account,to_account,amount,initiated_at,settled_at,transfer_type,state,customer_id,memo
TR-2026-04-10-0881,AE07-***-0431,IN67-***-1363,"AED 5,241.22",2026-04-19 11:05:33,2026-04-19 20:06:00,INSTANT_REMITTANCE,COMPLETED,CUST-00006,
TR-2026-04-18-7260,AE07-***-2071,AE67-***-2795,"AED 1,477.14",2026-04-09 16:15:00,2026-04-10 11:55:56,INSTANT_REMITTANCE,COMPLETED,CUST-00061,Rent
TR-2026-04-10-7288,AE07-***-2213,EG69-***-2900,"AED 29,562.00",2026-04-04 20:05:19,2026-04-05 19:22:24,INSTANT_REMITTANCE,COMPLETED,CUST-00077,Bills
TR-2026-04-18-5688,AE07-***-7891,PH29-***-1467,"AED 22,120.92",2026-04-09 05:49:54,2026-04-09 06:12:58,WIRE,COMPLETED,CUST-00067,
TR-2026-04-11-2233,AE07-***-5634,AE60-***-8767,AED 465.44,2026-04-03 02:51:30,2026-04-03 18:31:49,WIRE,COMPLETED,CUST-00071,Rent
TR-2026-04-08-3788,AE07-***-0118,PH47-***-3089,"AED 20,616.21",2026-03-30 18:54:25,2026-03-31 18:25:37,INSTANT_REMITTANCE,COMPLETED,CUST-00068,Family support
TR-2026-04-01-6199,AE07-***-3614,AE10-***-6917,"AED 31,284.88",2026-04-01 22:06:21,2026-04-02 17:28:24,WIRE,COMPLETED,CUST-00080,Rent
TR-2026-04-14-3080,AE07-***-1121,AE17-***-4744,"AED 5,562.30",2026-04-04 21:29:13,2026-04-05 20:09:39,INSTANT_REMITTANCE,COMPLETED,CUST-00080,Family support
TR-2026-04-21-5253,AE07-***-0317,AE06-***-8764,"AED 1,155.44",2026-04-22 00:50:34,2026-04-22 16:48:19,WIRE,COMPLETED,CUST-00059,
TR-2026-04-27-3814,AE07-***-1477,AE01-***-8086,"AED 10,898.54",2026-04-06 14:22:53,,INSTANT_REMITTANCE,RETURNED,CUST-00060,Family support
TR-2026-04-05-0519,AE07-***-5410,AE96-***-2393,"AED 2,849.12",2026-04-07 22:47:44,2026-04-08 07:54:03,INSTANT_REMITTANCE,COMPLETED,CUST-00005,Family support
TR-2026-04-01-0206,AE07-***-1998,EG31-***-6304,"AED 38,572.71",2026-04-05 11:54:48,2026-04-05 15:20:04,P2P,COMPLETED,CUST-00056,Bills
TR-2026-04-06-3415,AE07-***-7746,IN87-***-5113,"AED 46,813.95",2026-04-19 07:12:16,2026-04-20 06:27:09,P2P,COMPLETED,CUST-00003,Rent
TR-2026-04-21-5905,AE07-***-0853,BD27-***-1850,"AED 11,836.49",2026-04-05 22:09:55,2026-04-06 08:13:04,P2P,COMPLETED,CUST-00061,Bills
TR-2026-04-24-6484,AE07-***-3982,AE05-***-9520,"AED 39,184.59",2026-04-03 22:16:11,2026-04-04 01:31:40,ACH,COMPLETED,CUST-00079,Salary
TR-2026-04-22-8190,AE07-***-1497,BD79-***-5544,"AED 46,545.90",2026-04-24 02:02:03,2026-04-24 21:33:44,WIRE,COMPLETED,CUST-00004,
TR-2026-04-23-7992,AE07-***-3812,AE71-***-5690,"AED 40,285.99",2026-04-05 16:51:20,2026-04-06 05:53:46,P2P,COMPLETED,CUST-00053,
TR-2026-04-23-4107,AE07-***-0646,IN90-***-7168,"AED 27,973.29",2026-03-31 15:40:09,2026-04-01 11:27:43,ACH,COMPLETED,CUST-00072,Rent
TR-2026-04-17-7674,AE07-***-4510,PK70-***-2627,"AED 3,490.39",2026-04-19 11:22:57,,WIRE,PENDING,CUST-00069,Bills
TR-2026-04-16-7439,AE07-***-0011,BD64-***-6210,"AED 36,696.20",2026-04-26 02:11:24,2026-04-26 10:53:03,WIRE,COMPLETED,CUST-00080,Rent
TR-2026-04-04-1037,AE07-***-8830,IN24-***-8586,"AED 34,177.05",2026-03-31 05:29:37,2026-04-01 04:49:42,WIRE,COMPLETED,CUST-00010,Rent
TR-2026-04-24-1577,AE07-***-8572,BD08-***-0717,"AED 41,767.91",2026-04-20 16:48:08,2026-04-21 10:28:27,P2P,COMPLETED,CUST-00052,Salary
TR-2026-04-24-0521,AE07-***-9355,BD49-***-8026,"AED 26,314.78",2026-03-29 08:14:59,2026-03-30 06:18:43,P2P,COMPLETED,CUST-00057,
TR-2026-04-25-0214,AE07-***-3419,BD62-***-1310,"AED 23,429.55",2026-04-24 01:16:45,,INSTANT_REMITTANCE,PENDING,CUST-00064,
TR-2026-04-26-4355,AE07-***-8667,AE93-***-1153,"AED 41,731.10",2026-04-23 05:11:56,2026-04-23 13:36:36,P2P,COMPLETED,CUST-00054,Bills
TR-2026-04-15-3104,AE07-***-3164,PH84-***-4075,"AED 28,522.88",2026-04-18 07:34:08,2026-04-19 06:49:14,INSTANT_REMITTANCE,COMPLETED,CUST-00076,Bills
TR-2026-04-16-7515,AE07-***-6997,AE21-***-2955,"AED 27,520.78",2026-04-02 11:59:26,2026-04-03 09:49:59,ACH,COMPLETED,CUST-00062,Family support
TR-2026-03-29-5772,AE07-***-5163,PH41-***-6090,"AED 20,646.55",2026-04-06 02:19:43,2026-04-06 10:07:03,ACH,COMPLETED,CUST-00061,Family support
TR-2026-04-03-9015,AE07-***-4162,AE57-***-7331,"AED 47,993.23",2026-04-26 23:46:20,2026-04-27 18:37:05,WIRE,COMPLETED,CUST-00003,Salary
TR-2026-03-30-4945,AE07-***-0107,AE28-***-3519,"AED 42,793.24",2026-04-25 22:42:58,2026-04-26 15:28:40,ACH,COMPLETED,CUST-00058,Rent
TR-2026-04-23-2267,AE07-***-4341,AE74-***-4093,"AED 11,688.06",2026-04-12 10:07:21,2026-04-12 18:02:21,INSTANT_REMITTANCE,COMPLETED,CUST-00006,
TR-2026-04-25-5319,AE07-***-7905,AE62-***-9440,"AED 40,984.79",2026-04-22 08:53:35,2026-04-23 05:52:30,WIRE,COMPLETED,CUST-00079,Family support
TR-2026-04-25-0916,AE07-***-5478,AE55-***-6824,"AED 46,515.79",2026-04-21 03:33:37,2026-04-22 02:34:40,P2P,COMPLETED,CUST-00055,Family support
TR-2026-04-26-4993,AE07-***-8591,AE40-***-8846,"AED 28,267.40",2026-04-11 03:12:49,2026-04-11 17:31:05,ACH,COMPLETED,CUST-00073,Family support
TR-2026-04-03-9750,AE07-***-9424,PH11-***-3638,"AED 21,625.19",2026-04-07 20:34:52,2026-04-08 13:54:24,ACH,COMPLETED,CUST-00010,Bills
TR-2026-04-04-0807,AE07-***-8980,IN33-***-1393,"AED 19,956.43",2026-04-05 21:46:53,2026-04-06 04:59:40,ACH,COMPLETED,CUST-00009,Family support
TR-2026-04-15-9360,AE07-***-3212,PH78-***-8589,"AED 12,349.98",2026-04-23 12:31:44,2026-04-24 09:30:04,INSTANT_REMITTANCE,COMPLETED,CUST-00058,
TR-2026-04-24-6776,AE07-***-6939,AE44-***-3120,"AED 16,070.88",2026-03-29 04:04:59,2026-03-29 16:48:58,WIRE,COMPLETED,CUST-00002,Bills
TR-2026-04-01-7245,AE07-***-2389,IN05-***-3825,"AED 10,024.28",2026-04-08 20:28:02,2026-04-08 22:27:11,P2P,COMPLETED,CUST-00010,Salary
TR-2026-03-28-2419,AE07-***-4713,AE43-***-1823,"AED 15,290.65",2026-04-04 03:01:25,2026-04-04 22:36:43,WIRE,COMPLETED,CUST-00002,Salary
TR-2026-04-21-8952,AE07-***-8573,AE70-***-7913,"AED 31,170.95",2026-04-20 03:19:06,2026-04-20 22:29:55,INSTANT_REMITTANCE,COMPLETED,CUST-00002,
TR-2026-04-19-2790,AE07-***-0984,AE25-***-4444,"AED 2,701.61",2026-04-26 14:17:24,2026-04-27 03:24:19,INSTANT_REMITTANCE,COMPLETED,CUST-00005,
TR-2026-04-27-4792,AE07-***-6332,AE48-***-8331,"AED 48,831.77",2026-04-22 03:57:12,,INSTANT_REMITTANCE,PENDING,CUST-00061,Bills
TR-2026-04-25-3054,AE07-***-3258,PH58-***-9186,"AED 46,321.18",2026-04-25 22:57:51,,ACH,FAILED,CUST-00003,Rent
TR-2026-04-17-8027,AE07-***-6445,EG20-***-0301,"AED 17,371.66",2026-04-09 21:59:30,2026-04-10 16:14:31,WIRE,COMPLETED,CUST-00063,Rent
TR-2026-04-02-1015,AE07-***-4221,IN03-***-9092,"AED 47,458.37",2026-04-16 01:10:38,,WIRE,PENDING,CUST-00010,
TR-2026-04-23-1438,AE07-***-6262,PH86-***-3726,"AED 20,895.80",2026-03-30 04:31:30,,INSTANT_REMITTANCE,RETURNED,CUST-00010,Bills
TR-2026-04-17-7359,AE07-***-8883,AE26-***-2270,"AED 29,072.48",2026-04-17 04:17:30,2026-04-17 23:21:47,WIRE,COMPLETED,CUST-00009,Salary
TR-2026-04-14-2378,AE07-***-9254,AE40-***-1111,"AED 27,889.15",2026-04-21 06:04:08,,WIRE,PENDING,CUST-00052,Salary
TR-2026-04-04-0483,AE07-***-5221,IN52-***-4970,"AED 22,178.07",2026-04-13 17:00:16,2026-04-13 23:43:52,ACH,COMPLETED,CUST-00010,
TR-2026-04-03-4372,AE07-***-9922,PK78-***-3783,"AED 29,838.22",2026-04-15 18:58:04,2026-04-16 12:19:14,WIRE,COMPLETED,CUST-00002,Salary
TR-2026-04-11-9907,AE07-***-7680,EG83-***-6126,"AED 9,239.63",2026-04-08 04:34:34,2026-04-08 11:36:45,INSTANT_REMITTANCE,COMPLETED,CUST-00072,Salary
TR-2026-04-26-6694,AE07-***-0245,AE52-***-3646,"AED 37,131.21",2026-04-17 03:40:55,2026-04-17 19:40:33,P2P,COMPLETED,CUST-00054,Bills
TR-2026-04-12-5323,AE07-***-7496,AE54-***-6633,"AED 38,821.93",2026-03-28 11:42:37,2026-03-29 08:32:02,WIRE,COMPLETED,CUST-00065,Bills
TR-2026-04-10-8605,AE07-***-0630,PH13-***-7399,"AED 22,872.18",2026-04-24 22:34:55,,INSTANT_REMITTANCE,RETURNED,CUST-00056,
TR-2026-04-10-6347,AE07-***-8456,BD06-***-3110,"AED 14,594.41",2026-04-07 16:15:00,2026-04-08 07:37:53,WIRE,COMPLETED,CUST-00060,Rent
TR-2026-04-08-0893,AE07-***-8470,AE59-***-7400,"AED 4,567.52",2026-04-02 16:41:30,2026-04-03 12:35:09,ACH,COMPLETED,CUST-00008,Salary
TR-2026-04-15-6775,AE07-***-5299,IN03-***-2930,"AED 22,711.35",2026-04-17 04:43:56,2026-04-18 04:20:47,P2P,COMPLETED,CUST-00070,
TR-2026-04-02-2686,AE07-***-2024,AE14-***-7362,"AED 31,721.92",2026-04-22 20:36:39,2026-04-23 15:14:25,INSTANT_REMITTANCE,COMPLETED,CUST-00074,Bills
TR-2026-03-28-2619,AE07-***-6204,PH48-***-0719,"AED 38,424.60",2026-04-10 17:28:19,2026-04-10 22:44:13,ACH,COMPLETED,CUST-00077,Salary
TR-2026-04-03-0840,AE07-***-6874,AE39-***-7311,"AED 14,474.59",2026-04-18 05:28:26,,ACH,RETURNED,CUST-00008,
TR-2026-04-08-4146,AE07-***-0200,IN63-***-8169,"AED 27,197.88",2026-04-26 17:18:01,2026-04-27 14:44:25,INSTANT_REMITTANCE,COMPLETED,CUST-00079,
TR-2026-04-12-7434,AE07-***-6719,IN10-***-9850,"AED 30,025.10",2026-04-15 02:53:19,2026-04-15 23:11:19,WIRE,COMPLETED,CUST-00076,Salary
TR-2026-04-26-3028,AE07-***-2429,AE83-***-5718,"AED 1,884.22",2026-04-25 10:12:50,2026-04-25 13:24:26,WIRE,COMPLETED,CUST-00077,
TR-2026-04-24-6831,AE07-***-2920,AE86-***-4659,"AED 30,573.93",2026-03-29 02:48:40,,ACH,RETURNED,CUST-00077,
TR-2026-04-09-5901,AE07-***-0587,AE98-***-4903,"AED 16,174.95",2026-04-08 14:30:14,,INSTANT_REMITTANCE,PENDING,CUST-00005,
TR-2026-04-18-7713,AE07-***-2204,AE88-***-4496,"AED 16,493.97",2026-04-06 21:56:14,2026-04-07 20:13:18,ACH,COMPLETED,CUST-00074,
TR-2026-04-24-9361,AE07-***-8666,AE61-***-9908,"AED 46,697.89",2026-04-13 01:24:10,2026-04-13 22:20:36,WIRE,COMPLETED,CUST-00068,Bills
TR-2026-04-16-2125,AE07-***-9218,IN66-***-8154,"AED 24,650.60",2026-04-18 06:23:35,2026-04-18 13:26:25,ACH,COMPLETED,CUST-00080,
TR-2026-04-24-0392,AE07-***-7616,BD15-***-3396,"AED 39,988.24",2026-04-06 20:55:07,2026-04-07 17:19:22,P2P,COMPLETED,CUST-00067,
TR-2026-04-21-0185,AE07-***-3296,EG36-***-4168,"AED 39,520.27",2026-04-12 01:25:09,2026-04-12 05:33:50,WIRE,COMPLETED,CUST-00060,
TR-2026-04-17-5592,AE07-***-6488,EG72-***-0477,"AED 41,610.54",2026-04-17 13:57:20,,WIRE,FAILED,CUST-00062,Family support
TR-2026-03-29-7774,AE07-***-0582,BD17-***-7888,"AED 7,811.55",2026-04-04 15:20:29,2026-04-05 06:24:47,WIRE,COMPLETED,CUST-00075,
TR-2026-04-26-8537,AE07-***-4904,PK92-***-5169,"AED 27,781.10",2026-04-26 02:11:30,2026-04-26 15:03:57,WIRE,COMPLETED,CUST-00054,
TR-2026-04-23-4595,AE07-***-0510,AE48-***-8753,"AED 42,128.17",2026-03-30 06:45:30,2026-03-30 11:00:46,INSTANT_REMITTANCE,COMPLETED,CUST-00079,Rent
TR-2026-04-05-5152,AE07-***-0518,AE52-***-1422,"AED 24,877.87",2026-04-15 11:07:37,,INSTANT_REMITTANCE,PENDING,CUST-00064,Rent
TR-2026-04-21-8603,AE07-***-4953,AE14-***-6131,"AED 39,257.95",2026-04-17 04:32:18,2026-04-17 22:06:42,INSTANT_REMITTANCE,COMPLETED,CUST-00006,Bills
TR-2026-04-23-3116,AE07-***-5572,IN93-***-8579,"AED 15,552.42",2026-04-11 02:37:26,,P2P,PENDING,CUST-00010,Bills
TR-2026-04-06-2174,AE07-***-3361,EG04-***-7526,"AED 19,410.03",2026-04-01 15:25:27,2026-04-01 17:01:39,P2P,COMPLETED,CUST-00008,
TR-2026-03-31-9736,AE07-***-1426,AE59-***-0755,"AED 5,199.99",2026-04-11 19:56:01,2026-04-12 03:34:26,WIRE,COMPLETED,CUST-00002,Rent
TR-2026-04-21-3154,AE07-***-4695,AE68-***-5228,"AED 38,650.72",2026-04-21 06:55:37,2026-04-21 11:05:40,ACH,COMPLETED,CUST-00058,
TR-2026-03-28-9168,AE07-***-8422,AE26-***-8888,"AED 17,548.39",2026-04-11 12:56:18,,ACH,FAILED,CUST-00058,Rent
TR-2026-04-09-4011,AE07-***-2806,AE39-***-5549,"AED 27,051.83",2026-04-24 12:53:59,2026-04-24 14:44:13,P2P,COMPLETED,CUST-00009,
TR-2026-04-15-0881,AE07-***-1410,IN50-***-2932,"AED 35,248.65",2026-03-29 05:23:21,2026-03-29 12:36:13,WIRE,COMPLETED,CUST-00069,
TR-2026-04-03-8740,AE07-***-1286,IN72-***-2159,"AED 4,691.16",2026-04-04 06:25:09,2026-04-05 05:52:55,INSTANT_REMITTANCE,COMPLETED,CUST-00007,
TR-2026-04-03-7625,AE07-***-7709,AE28-***-2354,"AED 43,061.76",2026-03-28 01:12:38,2026-03-28 13:14:15,WIRE,COMPLETED,CUST-00057,Rent
TR-2026-04-13-7987,AE07-***-0495,AE60-***-1849,"AED 17,604.47",2026-04-04 14:36:53,2026-04-05 12:37:19,WIRE,COMPLETED,CUST-00051,Bills
TR-2026-04-23-8322,AE07-***-1686,IN91-***-1752,"AED 16,327.19",2026-04-23 13:22:04,2026-04-24 04:25:15,INSTANT_REMITTANCE,COMPLETED,CUST-00060,Salary
TR-2026-04-08-3992,AE07-***-8977,AE61-***-6288,"AED 3,349.69",2026-04-16 21:23:06,2026-04-17 13:14:09,INSTANT_REMITTANCE,COMPLETED,CUST-00078,Bills
TR-2026-04-02-5606,AE07-***-8921,EG30-***-2835,"AED 33,147.48",2026-04-23 05:14:48,2026-04-24 02:56:57,INSTANT_REMITTANCE,COMPLETED,CUST-00077,Family support
TR-2026-04-17-9094,AE07-***-1599,IN22-***-5046,"AED 47,796.38",2026-04-23 14:54:05,2026-04-24 12:36:58,P2P,COMPLETED,CUST-00079,Family support
TR-2026-04-17-8098,AE07-***-1007,AE27-***-2276,"AED 44,368.71",2026-04-26 23:47:07,2026-04-27 10:23:55,ACH,COMPLETED,CUST-00010,Family support
TR-2026-04-08-9468,AE07-***-7326,AE26-***-5187,"AED 15,021.78",2026-04-12 05:10:25,,WIRE,RETURNED,CUST-00068,Bills
TR-2026-04-27-8362,AE07-***-6622,AE37-***-1022,"AED 18,492.68",2026-03-31 08:30:09,2026-03-31 21:34:56,P2P,COMPLETED,CUST-00004,
TR-2026-03-31-4623,AE07-***-0510,AE55-***-9669,"AED 19,743.70",2026-04-11 13:21:18,2026-04-12 09:12:08,INSTANT_REMITTANCE,COMPLETED,CUST-00065,Salary
TR-2026-04-06-2841,AE07-***-7780,AE24-***-9100,"AED 19,260.52",2026-04-09 12:14:04,2026-04-09 16:48:20,ACH,COMPLETED,CUST-00067,Salary
TR-2026-04-27-1175,AE07-***-0257,AE92-***-7974,"AED 32,913.44",2026-04-20 09:48:36,2026-04-21 00:57:04,ACH,COMPLETED,CUST-00006,Family support
TR-2026-03-30-9902,AE07-***-6974,PK23-***-7444,"AED 25,495.27",2026-03-31 04:48:55,2026-03-31 11:34:48,INSTANT_REMITTANCE,COMPLETED,CUST-00069,Family support
TR-2026-04-08-0121,AE07-***-9468,IN93-***-3878,"AED 35,620.89",2026-04-13 22:18:02,2026-04-13 23:40:46,WIRE,COMPLETED,CUST-00067,Bills
TR-2026-04-12-6038,AE07-***-1854,PK61-***-1311,"AED 7,147.27",2026-04-01 10:41:25,2026-04-02 05:44:43,INSTANT_REMITTANCE,COMPLETED,CUST-00058,Bills
TR-2026-04-25-4017,AE07-***-7740,BD94-***-1279,"AED 34,219.50",2026-03-31 19:47:23,2026-04-01 08:17:53,WIRE,COMPLETED,CUST-00078,Bills
TR-2026-04-03-0176,AE07-***-7681,IN65-***-7687,"AED 28,719.57",2026-04-10 21:45:30,,WIRE,RETURNED,CUST-00067,Rent
TR-2026-04-18-2744,AE07-***-0578,EG76-***-4981,"AED 36,362.24",2026-03-30 15:14:05,2026-03-31 12:17:04,P2P,COMPLETED,CUST-00057,Salary
TR-2026-04-09-0845,AE07-***-4780,EG79-***-0447,"AED 14,376.44",2026-04-22 23:52:08,,P2P,PENDING,CUST-00009,Rent
TR-2026-04-19-2171,AE07-***-4603,AE32-***-0232,"AED 37,084.39",2026-03-28 16:29:49,2026-03-29 05:57:36,ACH,COMPLETED,CUST-00052,Salary
TR-2026-04-19-3869,AE07-***-7944,AE67-***-0542,"AED 17,175.26",2026-04-22 21:39:55,,ACH,PENDING,CUST-00010,Family support
TR-2026-04-03-6277,AE07-***-3898,BD56-***-2740,"AED 10,582.29",2026-04-10 05:57:28,2026-04-10 10:10:52,WIRE,COMPLETED,CUST-00004,
TR-2026-04-22-7602,AE07-***-6533,IN38-***-7803,"AED 37,320.22",2026-04-01 03:34:06,2026-04-01 17:46:14,INSTANT_REMITTANCE,COMPLETED,CUST-00055,Family support
TR-2026-04-19-2378,AE07-***-8690,IN01-***-4731,"AED 46,364.77",2026-04-05 05:05:10,,WIRE,RETURNED,CUST-00065,
TR-2026-03-28-0672,AE07-***-1595,PH81-***-5797,"AED 47,811.37",2026-04-06 00:55:59,2026-04-06 10:39:27,WIRE,COMPLETED,CUST-00080,
TR-2026-04-19-9571,AE07-***-6408,IN98-***-3961,"AED 36,728.96",2026-03-29 10:05:12,2026-03-29 16:38:15,WIRE,COMPLETED,CUST-00053,Rent
TR-2026-04-10-0173,AE07-***-0138,AE01-***-6737,"AED 4,930.05",2026-04-21 22:56:22,2026-04-22 09:15:15,WIRE,COMPLETED,CUST-00069,Rent
TR-2026-04-21-0557,AE07-***-0388,PK11-***-0931,"AED 46,928.35",2026-04-16 11:22:52,2026-04-16 15:44:58,P2P,COMPLETED,CUST-00079,
TR-2026-03-31-9907,AE07-***-2128,IN84-***-9274,"AED 40,169.84",2026-04-18 00:43:45,2026-04-18 17:43:50,ACH,COMPLETED,CUST-00008,
TR-2026-03-29-1240,AE07-***-7429,AE98-***-6995,"AED 34,626.46",2026-04-11 07:12:25,2026-04-11 17:18:10,ACH,COMPLETED,CUST-00057,
TR-2026-04-15-6366,AE07-***-5450,AE33-***-4336,"AED 8,937.58",2026-04-23 15:08:42,2026-04-23 21:38:31,ACH,COMPLETED,CUST-00072,
TR-2026-04-12-1776,AE07-***-2357,PH98-***-7065,"AED 10,958.41",2026-04-21 20:12:37,2026-04-21 22:51:55,WIRE,COMPLETED,CUST-00069,
TR-2026-04-09-4105,AE07-***-7305,AE63-***-2438,"AED 32,660.62",2026-04-26 22:59:21,2026-04-27 10:59:53,INSTANT_REMITTANCE,COMPLETED,CUST-00003,Family support
TR-2026-04-09-0060,AE07-***-8444,EG98-***-8039,"AED 23,933.06",2026-04-07 09:24:28,2026-04-08 02:57:34,ACH,COMPLETED,CUST-00005,
TR-2026-04-09-8770,AE07-***-5880,AE87-***-4961,"AED 20,060.71",2026-04-22 14:21:56,2026-04-23 07:06:02,WIRE,COMPLETED,CUST-00064,Rent
TR-2026-04-07-3327,AE07-***-2893,PH05-***-6294,"AED 33,053.67",2026-04-12 11:47:27,2026-04-13 00:52:17,P2P,COMPLETED,CUST-00065,Family support
TR-2026-04-25-7175,AE07-***-3104,AE04-***-3163,"AED 1,316.96",2026-03-29 05:10:07,2026-03-30 00:50:59,INSTANT_REMITTANCE,COMPLETED,CUST-00056,
TR-2026-04-18-8186,AE07-***-8748,IN02-***-0606,"AED 16,997.29",2026-04-10 14:31:46,2026-04-11 14:20:08,INSTANT_REMITTANCE,COMPLETED,CUST-00003,
TR-2026-04-11-7509,AE07-***-8791,AE94-***-9492,"AED 11,687.63",2026-04-23 12:04:30,2026-04-23 12:46:09,ACH,COMPLETED,CUST-00003,Family support
TR-2026-03-29-0750,AE07-***-3976,EG83-***-2138,AED 767.54,2026-04-24 13:47:41,2026-04-24 20:00:34,P2P,COMPLETED,CUST-00060,Bills
TR-2026-04-25-1742,AE07-***-1870,IN76-***-3613,"AED 3,202.35",2026-04-17 03:54:22,,WIRE,PENDING,CUST-00068,
TR-2026-04-06-6586,AE07-***-5312,AE87-***-9436,"AED 27,316.95",2026-04-11 09:19:15,2026-04-11 21:32:11,P2P,COMPLETED,CUST-00054,
TR-2026-04-24-4487,AE07-***-2314,IN21-***-6060,"AED 27,692.72",2026-04-05 16:55:22,2026-04-06 15:56:26,P2P,COMPLETED,CUST-00056,Bills
TR-2026-04-15-2584,AE07-***-0256,IN10-***-0104,AED 410.84,2026-04-22 16:08:35,2026-04-23 09:28:27,WIRE,COMPLETED,CUST-00078,
TR-2026-04-23-3377,AE07-***-2344,BD34-***-8570,"AED 22,548.44",2026-04-15 09:14:58,2026-04-16 03:27:00,P2P,COMPLETED,CUST-00052,Bills
TR-2026-03-28-1442,AE07-***-4934,AE53-***-0074,"AED 27,907.63",2026-04-17 16:25:02,2026-04-18 12:04:05,P2P,COMPLETED,CUST-00008,Bills
TR-2026-04-20-7605,AE07-***-3409,AE06-***-3173,"AED 5,678.32",2026-04-19 18:08:57,2026-04-19 19:43:09,INSTANT_REMITTANCE,COMPLETED,CUST-00071,
TR-2026-04-07-5966,AE07-***-4670,AE55-***-4118,"AED 16,748.02",2026-04-05 00:02:42,2026-04-05 19:36:35,P2P,COMPLETED,CUST-00003,Salary
TR-2026-04-22-0476,AE07-***-7947,PH14-***-1160,"AED 44,759.20",2026-04-05 09:44:46,2026-04-05 21:36:15,WIRE,COMPLETED,CUST-00078,Salary
TR-2026-04-03-1804,AE07-***-5343,AE12-***-3884,"AED 36,900.51",2026-04-17 07:02:05,2026-04-18 04:20:15,ACH,COMPLETED,CUST-00065,Family support
TR-2026-04-26-7141,AE07-***-2374,AE78-***-7454,"AED 8,944.14",2026-04-08 20:51:31,2026-04-09 19:52:12,INSTANT_REMITTANCE,COMPLETED,CUST-00009,Rent
TR-2026-04-19-3313,AE07-***-5503,AE04-***-9317,"AED 3,029.60",2026-04-20 08:57:52,2026-04-20 15:11:52,INSTANT_REMITTANCE,COMPLETED,CUST-00008,Rent
TR-2026-04-20-4835,AE07-***-9889,AE81-***-2784,"AED 28,927.17",2026-03-31 03:59:35,2026-03-31 22:59:25,P2P,COMPLETED,CUST-00055,Family support
TR-2026-03-31-3546,AE07-***-9692,IN59-***-4573,AED 774.47,2026-04-06 05:12:55,2026-04-07 02:18:47,ACH,COMPLETED,CUST-00056,Salary
TR-2026-03-30-9695,AE07-***-2440,PK00-***-6844,"AED 49,010.19",2026-04-25 01:19:42,2026-04-25 15:41:07,P2P,COMPLETED,CUST-00071,Family support
TR-2026-04-02-1605,AE07-***-7412,IN30-***-1361,"AED 27,946.42",2026-04-26 09:31:35,2026-04-26 20:17:45,ACH,COMPLETED,CUST-00067,Salary
TR-2026-04-07-1486,AE07-***-0260,IN85-***-4994,"AED 8,132.05",2026-04-04 16:53:49,,P2P,RETURNED,CUST-00077,Family support
TR-2026-04-03-2271,AE07-***-6641,AE47-***-7607,"AED 35,209.91",2026-04-26 22:24:41,,INSTANT_REMITTANCE,PENDING,CUST-00005,Rent
TR-2026-04-11-0535,AE07-***-4859,IN96-***-4420,"AED 34,917.85",2026-03-28 06:23:04,2026-03-28 09:19:56,ACH,COMPLETED,CUST-00075,Bills
TR-2026-03-30-5500,AE07-***-0898,PH86-***-5963,"AED 44,404.50",2026-04-21 14:42:53,2026-04-21 16:12:11,WIRE,COMPLETED,CUST-00065,Rent
TR-2026-04-16-2871,AE07-***-9155,EG08-***-9187,"AED 35,481.39",2026-04-17 01:29:34,2026-04-17 05:37:39,WIRE,COMPLETED,CUST-00009,
TR-2026-04-12-9504,AE07-***-3437,EG97-***-3693,"AED 16,057.17",2026-04-14 00:30:20,2026-04-14 02:48:46,INSTANT_REMITTANCE,COMPLETED,CUST-00073,Rent
TR-2026-04-16-7412,AE07-***-7966,PH67-***-2010,"AED 23,534.68",2026-04-01 04:17:11,2026-04-01 17:41:25,WIRE,COMPLETED,CUST-00075,
TR-2026-03-28-1075,AE07-***-3085,IN11-***-1313,"AED 19,564.59",2026-04-18 07:40:09,2026-04-18 17:42:58,P2P,COMPLETED,CUST-00059,
TR-2026-04-05-2424,AE07-***-8131,AE26-***-8530,"AED 47,607.63",2026-04-25 21:33:51,,INSTANT_REMITTANCE,RETURNED,CUST-00059,Bills
TR-2026-03-29-2163,AE07-***-7764,AE53-***-7272,"AED 36,898.58",2026-04-25 22:58:17,2026-04-26 07:25:49,ACH,COMPLETED,CUST-00059,Bills
TR-2026-04-07-5503,AE07-***-6745,PK43-***-5346,"AED 24,333.11",2026-04-01 06:18:42,2026-04-02 02:57:53,INSTANT_REMITTANCE,COMPLETED,CUST-00076,Salary
TR-2026-03-30-5021,AE07-***-2813,AE29-***-7933,"AED 18,626.52",2026-04-13 00:17:07,2026-04-13 16:53:07,ACH,COMPLETED,CUST-00004,Salary
TR-2026-04-08-2634,AE07-***-8770,AE23-***-2873,"AED 41,974.62",2026-04-19 13:10:39,2026-04-20 00:42:20,ACH,COMPLETED,CUST-00051,Bills
TR-2026-04-23-7223,AE07-***-4266,AE23-***-3361,"AED 28,146.24",2026-04-25 07:35:04,2026-04-25 23:54:41,WIRE,COMPLETED,CUST-00061,Bills
TR-2026-04-22-8743,AE07-***-4940,AE03-***-6628,"AED 46,556.89",2026-04-19 22:36:56,2026-04-20 18:30:01,WIRE,COMPLETED,CUST-00070,Bills
TR-2026-04-17-4842,AE07-***-7764,AE96-***-9399,"AED 33,361.04",2026-03-30 13:27:28,2026-03-31 06:53:50,WIRE,COMPLETED,CUST-00069,
TR-2026-04-23-9026,AE07-***-1914,AE03-***-6580,"AED 30,895.22",2026-04-16 07:15:24,2026-04-16 09:15:38,WIRE,COMPLETED,CUST-00069,Bills
TR-2026-04-07-3197,AE07-***-9558,PH28-***-4553,"AED 9,826.00",2026-04-22 22:36:41,2026-04-23 01:47:34,INSTANT_REMITTANCE,COMPLETED,CUST-00075,Bills
TR-2026-04-15-3185,AE07-***-8035,AE77-***-9913,"AED 25,602.21",2026-04-24 06:42:00,2026-04-24 22:16:12,INSTANT_REMITTANCE,COMPLETED,CUST-00064,Rent
TR-2026-04-15-6108,AE07-***-0199,AE44-***-5756,"AED 15,438.86",2026-04-05 08:51:59,2026-04-06 01:02:24,P2P,COMPLETED,CUST-00076,
TR-2026-04-14-7249,AE07-***-4728,AE93-***-6944,"AED 36,443.85",2026-04-06 21:25:46,2026-04-07 08:28:12,P2P,COMPLETED,CUST-00009,Family support
TR-2026-03-31-8606,AE07-***-5495,AE75-***-6156,"AED 4,467.99",2026-04-07 02:56:38,2026-04-07 19:46:09,INSTANT_REMITTANCE,COMPLETED,CUST-00058,
TR-2026-04-09-2243,AE07-***-3264,AE48-***-4742,"AED 27,715.65",2026-04-24 22:47:43,2026-04-25 15:40:09,WIRE,COMPLETED,CUST-00060,Salary
TR-2026-04-27-0040,AE07-***-2523,AE38-***-7742,"AED 6,252.64",2026-04-13 00:49:05,2026-04-14 00:17:39,ACH,COMPLETED,CUST-00067,Salary
TR-2026-04-27-1955,AE07-***-4541,IN08-***-9812,"AED 37,291.00",2026-03-29 19:00:34,,INSTANT_REMITTANCE,PENDING,CUST-00071,
TR-2026-04-06-7799,AE07-***-1959,AE65-***-9425,AED 926.38,2026-04-14 09:37:03,2026-04-15 02:24:13,P2P,COMPLETED,CUST-00051,
TR-2026-04-23-5855,AE07-***-2675,AE34-***-5917,"AED 21,004.72",2026-04-09 17:14:54,2026-04-10 16:30:42,WIRE,COMPLETED,CUST-00004,
TR-2026-04-11-3175,AE07-***-3002,AE76-***-2738,"AED 27,208.43",2026-04-11 15:35:18,2026-04-12 04:47:15,WIRE,COMPLETED,CUST-00060,
TR-2026-04-10-9503,AE07-***-5761,AE01-***-2243,"AED 25,932.63",2026-04-08 21:24:26,2026-04-09 03:20:35,INSTANT_REMITTANCE,COMPLETED,CUST-00072,
TR-2026-04-21-2532,AE07-***-8247,AE24-***-9153,"AED 30,690.75",2026-04-01 11:34:13,2026-04-01 14:21:07,P2P,COMPLETED,CUST-00075,
TR-2026-04-01-2150,AE07-***-0284,IN44-***-5104,"AED 34,567.98",2026-04-20 06:02:14,2026-04-20 17:07:50,WIRE,COMPLETED,CUST-00069,
TR-2026-04-04-1943,AE07-***-3643,AE88-***-2332,"AED 34,417.96",2026-04-12 01:49:13,2026-04-12 04:40:56,ACH,COMPLETED,CUST-00009,Family support
TR-2026-04-05-1830,AE07-***-1273,AE99-***-7934,"AED 37,878.84",2026-04-24 22:27:52,2026-04-25 17:09:35,P2P,COMPLETED,CUST-00053,Bills
TR-2026-04-26-7685,AE07-***-1948,AE05-***-1085,"AED 15,117.21",2026-04-26 12:01:55,,P2P,FAILED,CUST-00007,Salary
TR-2026-04-09-3277,AE07-***-3027,BD44-***-0479,"AED 4,584.43",2026-04-13 12:50:03,2026-04-14 07:03:43,WIRE,COMPLETED,CUST-00078,
TR-2026-04-08-3962,AE07-***-8272,PK08-***-1623,"AED 40,988.35",2026-04-26 07:42:26,2026-04-26 17:58:10,ACH,COMPLETED,CUST-00074,Salary
TR-2026-03-30-8800,AE07-***-0070,EG12-***-3506,"AED 46,027.84",2026-04-03 22:54:59,2026-04-04 02:49:27,ACH,COMPLETED,CUST-00064,Salary
TR-2026-04-01-5813,AE07-***-6219,IN27-***-8425,"AED 11,416.33",2026-04-21 12:31:32,2026-04-22 07:26:54,P2P,COMPLETED,CUST-00061,Salary
TR-2026-04-12-5918,AE07-***-4723,PH92-***-0665,"AED 4,158.28",2026-04-03 00:46:59,2026-04-03 22:38:34,INSTANT_REMITTANCE,COMPLETED,CUST-00008,
TR-2026-04-18-7273,AE07-***-3700,PH52-***-4761,"AED 49,248.87",2026-04-06 05:23:19,,P2P,PENDING,CUST-00053,Family support
TR-2026-03-28-6020,AE07-***-2937,AE86-***-8055,"AED 33,621.17",2026-04-07 18:11:45,2026-04-08 08:34:14,P2P,COMPLETED,CUST-00069,Family support
TR-2026-04-05-9675,AE07-***-1666,EG21-***-1060,"AED 18,217.31",2026-04-17 08:02:52,2026-04-17 22:46:03,ACH,COMPLETED,CUST-00062,
TR-2026-04-20-6958,AE07-***-8177,AE97-***-9534,"AED 29,702.82",2026-04-07 13:41:31,2026-04-08 04:25:03,INSTANT_REMITTANCE,COMPLETED,CUST-00063,Family support
TR-2026-04-11-4569,AE07-***-2414,IN13-***-2001,"AED 12,571.96",2026-04-02 20:38:03,2026-04-02 22:33:31,ACH,COMPLETED,CUST-00055,
TR-2026-04-12-0438,AE07-***-2934,IN77-***-5356,"AED 7,679.20",2026-04-22 07:45:48,2026-04-22 15:06:56,INSTANT_REMITTANCE,COMPLETED,CUST-00005,Rent
TR-2026-04-06-8157,AE07-***-8032,PH33-***-8887,"AED 17,213.60",2026-03-31 18:14:18,,P2P,RETURNED,CUST-00075,
TR-2026-04-14-1951,AE07-***-6285,IN40-***-6165,"AED 22,155.68",2026-04-25 06:04:45,2026-04-25 17:06:46,ACH,COMPLETED,CUST-00003,
TR-2026-04-22-8052,AE07-***-7056,AE39-***-6374,"AED 24,398.37",2026-04-21 16:33:39,2026-04-22 12:11:59,INSTANT_REMITTANCE,COMPLETED,CUST-00077,Bills
TR-2026-04-12-7797,AE07-***-9211,AE64-***-0913,"AED 19,599.67",2026-04-02 23:38:36,2026-04-03 12:29:14,INSTANT_REMITTANCE,COMPLETED,CUST-00078,Rent
TR-2026-04-17-1006,AE07-***-0461,PK05-***-2100,"AED 41,854.86",2026-04-10 01:31:45,2026-04-11 00:17:26,P2P,COMPLETED,CUST-00078,Rent
TR-2026-04-15-1594,AE07-***-7014,AE45-***-6749,"AED 17,595.90",2026-04-15 03:27:10,2026-04-16 01:01:35,ACH,COMPLETED,CUST-00056,
TR-2026-03-29-1073,AE07-***-4995,AE43-***-2781,"AED 1,034.61",2026-04-11 04:02:47,2026-04-11 19:25:42,INSTANT_REMITTANCE,COMPLETED,CUST-00003,Bills
TR-2026-04-11-6900,AE07-***-4368,AE89-***-7695,"AED 29,420.06",2026-04-11 15:14:03,2026-04-11 18:47:33,INSTANT_REMITTANCE,COMPLETED,CUST-00065,Family support
TR-2026-04-24-3373,AE07-***-5504,IN64-***-5563,"AED 8,373.03",2026-04-12 11:01:59,2026-04-13 10:10:08,INSTANT_REMITTANCE,COMPLETED,CUST-00064,
TR-2026-04-01-8779,AE07-***-3507,AE33-***-0778,"AED 14,901.15",2026-03-30 03:48:00,2026-03-30 07:08:54,ACH,COMPLETED,CUST-00066,
TR-2026-03-31-9473,AE07-***-1552,PK43-***-4478,"AED 3,410.13",2026-04-01 05:15:58,2026-04-01 08:03:27,INSTANT_REMITTANCE,COMPLETED,CUST-00071,
TR-2026-04-01-4945,AE07-***-8268,AE55-***-8846,"AED 15,701.98",2026-04-06 21:17:21,2026-04-07 13:47:27,WIRE,COMPLETED,CUST-00066,
TR-2026-04-03-8971,AE07-***-2958,AE80-***-8457,"AED 43,142.35",2026-03-29 23:55:44,2026-03-30 16:56:34,ACH,COMPLETED,CUST-00072,Rent
TR-2026-03-29-8728,AE07-***-7106,PK93-***-0981,"AED 26,137.37",2026-04-09 07:35:22,2026-04-09 18:31:20,ACH,COMPLETED,CUST-00070,Family support
TR-2026-04-14-5220,AE07-***-1055,BD26-***-6757,"AED 13,383.39",2026-04-13 01:34:08,2026-04-13 10:09:59,WIRE,COMPLETED,CUST-00051,Family support
TR-2026-04-20-1860,AE07-***-2456,AE03-***-4023,"AED 39,862.39",2026-04-11 22:11:39,2026-04-12 14:04:24,INSTANT_REMITTANCE,COMPLETED,CUST-00070,Family support
TR-2026-04-07-0606,AE07-***-3309,AE34-***-2235,"AED 1,505.64",2026-04-13 12:22:20,2026-04-13 13:54:36,ACH,COMPLETED,CUST-00076,
TR-2026-04-12-0326,AE07-***-0906,AE40-***-9856,"AED 14,934.06",2026-04-23 21:55:20,2026-04-24 01:12:37,WIRE,COMPLETED,CUST-00067,Family support
TR-2026-03-28-2302,AE07-***-3867,AE73-***-8196,"AED 46,650.13",2026-04-01 15:52:32,2026-04-01 19:09:42,WIRE,COMPLETED,CUST-00078,Salary
TR-2026-04-08-2003,AE07-***-5134,AE74-***-6388,"AED 40,301.79",2026-04-15 13:06:44,2026-04-15 19:29:22,ACH,COMPLETED,CUST-00068,Salary
TR-2026-04-19-7200,AE07-***-6690,AE75-***-0916,"AED 24,543.41",2026-04-08 19:26:14,2026-04-09 12:43:35,WIRE,COMPLETED,CUST-00008,
TR-2026-04-20-4550,AE07-***-2374,AE60-***-6025,"AED 41,077.20",2026-04-25 23:26:49,,P2P,PENDING,CUST-00079,
TR-2026-04-02-0895,AE07-***-3926,AE70-***-6302,"AED 15,497.96",2026-04-09 09:14:36,,ACH,PENDING,CUST-00008,Family support
TR-2026-04-27-6438,AE07-***-4186,AE11-***-3857,"AED 14,906.27",2026-04-19 05:19:19,,WIRE,PENDING,CUST-00069,
TR-2026-04-14-0555,AE07-***-4489,AE99-***-8055,"AED 23,581.01",2026-04-06 22:51:55,,INSTANT_REMITTANCE,PENDING,CUST-00062,
TR-2026-04-01-2627,AE07-***-4275,PH08-***-5764,"AED 21,072.48",2026-03-31 09:51:04,2026-03-31 11:44:53,INSTANT_REMITTANCE,COMPLETED,CUST-00061,
TR-2026-04-07-3010,AE07-***-7264,BD17-***-0050,"AED 20,063.06",2026-04-12 04:00:41,2026-04-12 13:05:58,P2P,COMPLETED,CUST-00061,Bills
TR-2026-04-05-2131,AE07-***-9732,BD52-***-5233,"AED 22,601.92",2026-04-20 12:27:00,2026-04-21 00:22:37,ACH,COMPLETED,CUST-00057,Rent
TR-2026-04-21-1382,AE07-***-6791,AE23-***-6447,"AED 43,825.68",2026-03-30 07:26:49,,P2P,FAILED,CUST-00055,Bills
TR-2026-04-07-3747,AE07-***-1457,IN25-***-4289,"AED 35,077.99",2026-04-18 19:23:07,2026-04-19 17:14:42,INSTANT_REMITTANCE,COMPLETED,CUST-00004,Rent
TR-2026-04-23-1459,AE07-***-6028,AE72-***-1922,AED 755.04,2026-04-01 11:21:17,,INSTANT_REMITTANCE,PENDING,CUST-00068,Family support
TR-2026-04-24-3677,AE07-***-3328,AE34-***-4717,"AED 37,334.83",2026-04-08 10:51:08,,INSTANT_REMITTANCE,PENDING,CUST-00009,Bills
TR-2026-04-21-4636,AE07-***-3102,IN23-***-6693,"AED 39,633.55",2026-04-25 14:28:37,2026-04-26 06:53:48,WIRE,COMPLETED,CUST-00059,Salary
TR-2026-04-16-9550,AE07-***-7506,AE01-***-7682,"AED 6,703.59",2026-04-11 07:23:29,2026-04-11 22:48:11,ACH,COMPLETED,CUST-00066,
TR-2026-04-08-4198,AE07-***-1196,AE71-***-0962,"AED 2,653.02",2026-04-15 14:23:24,,WIRE,RETURNED,CUST-00071,
TR-2026-03-28-9801,AE07-***-0745,AE32-***-8266,"AED 31,001.91",2026-04-12 07:33:13,2026-04-13 03:55:36,WIRE,COMPLETED,CUST-00066,
TR-2026-04-09-2938,AE07-***-4264,AE64-***-8074,"AED 46,519.83",2026-04-04 06:38:30,2026-04-05 01:57:14,P2P,COMPLETED,CUST-00009,Family support
TR-2026-04-23-4266,AE07-***-1914,AE05-***-2095,"AED 24,985.57",2026-04-13 08:36:38,2026-04-13 18:11:39,INSTANT_REMITTANCE,COMPLETED,CUST-00064,Bills
TR-2026-04-01-4321,AE07-***-8470,AE55-***-2703,"AED 15,811.37",2026-04-03 03:37:25,2026-04-03 09:02:06,INSTANT_REMITTANCE,COMPLETED,CUST-00010,
TR-2026-04-20-3000,AE07-***-0587,IN33-***-2679,"AED 35,312.84",2026-04-05 19:31:21,2026-04-06 08:30:11,INSTANT_REMITTANCE,COMPLETED,CUST-00008,
TR-2026-04-10-7949,AE07-***-7499,IN14-***-2425,"AED 6,226.53",2026-04-22 10:58:26,2026-04-22 17:06:05,WIRE,COMPLETED,CUST-00054,
TR-2026-04-11-4469,AE07-***-9228,BD74-***-3479,"AED 29,198.19",2026-04-26 19:11:36,2026-04-26 21:59:27,ACH,COMPLETED,CUST-00074,Salary
TR-2026-04-03-8161,AE07-***-1545,AE03-***-4657,"AED 34,081.55",2026-04-21 01:52:13,2026-04-21 05:43:56,WIRE,COMPLETED,CUST-00066,Rent
TR-2026-04-23-0473,AE07-***-1328,IN90-***-7861,"AED 22,730.07",2026-04-13 22:13:17,2026-04-13 23:49:05,P2P,COMPLETED,CUST-00079,
TR-2026-04-08-7423,AE07-***-5323,EG93-***-9325,"AED 6,509.54",2026-04-24 15:16:52,2026-04-24 17:51:22,WIRE,COMPLETED,CUST-00059,Bills
TR-2026-03-28-9867,AE07-***-6248,AE51-***-4180,"AED 8,941.64",2026-04-07 15:13:40,,P2P,PENDING,CUST-00006,Salary
TR-2026-04-15-6592,AE07-***-4668,BD96-***-2525,"AED 6,074.07",2026-04-03 04:07:27,,WIRE,FAILED,CUST-00068,Bills
TR-2026-04-23-5882,AE07-***-1574,AE65-***-3274,"AED 24,506.67",2026-04-08 03:50:35,2026-04-08 19:14:48,WIRE,COMPLETED,CUST-00071,
TR-2026-04-03-6922,AE07-***-6033,PK23-***-7112,"AED 31,552.78",2026-04-22 11:42:31,,WIRE,RETURNED,CUST-00003,
TR-2026-04-20-2540,AE07-***-8115,PH80-***-8596,"AED 4,244.31",2026-04-04 06:29:07,,P2P,FAILED,CUST-00068,Family support
TR-2026-04-18-2434,AE07-***-2093,BD38-***-4073,"AED 26,178.45",2026-04-12 15:44:21,2026-04-12 17:22:52,P2P,COMPLETED,CUST-00077,Bills
TR-2026-04-24-8366,AE07-***-6961,IN12-***-7612,"AED 33,059.72",2026-03-30 09:40:30,2026-03-30 12:39:08,WIRE,COMPLETED,CUST-00057,Bills
TR-2026-04-27-1866,AE07-***-7583,AE23-***-6438,"AED 2,310.67",2026-04-06 19:01:55,2026-04-07 11:35:53,WIRE,COMPLETED,CUST-00060,
TR-2026-04-13-4342,AE07-***-5592,AE27-***-3032,"AED 3,957.12",2026-03-28 16:13:39,2026-03-28 16:52:48,P2P,COMPLETED,CUST-00057,
TR-2026-04-15-1911,AE07-***-0217,AE83-***-7817,"AED 23,035.14",2026-04-07 08:02:03,2026-04-08 06:29:21,INSTANT_REMITTANCE,COMPLETED,CUST-00079,Rent
TR-2026-04-05-6471,AE07-***-4958,AE16-***-2213,AED 743.10,2026-04-21 13:36:45,,ACH,PENDING,CUST-00002,Salary
TR-2026-04-12-2378,AE07-***-3961,IN80-***-8824,"AED 9,586.18",2026-04-12 09:24:19,2026-04-12 10:11:59,ACH,COMPLETED,CUST-00070,
TR-2026-04-22-2497,AE07-***-7295,IN60-***-0321,"AED 42,996.83",2026-03-29 14:09:44,2026-03-30 04:25:30,ACH,COMPLETED,CUST-00056,
TR-2026-04-17-0129,AE07-***-1682,BD91-***-7074,"AED 48,975.37",2026-04-02 22:27:51,2026-04-03 13:00:58,WIRE,COMPLETED,CUST-00078,Family support
TR-2026-04-11-9683,AE07-***-7993,AE91-***-0994,"AED 26,439.03",2026-04-06 12:19:45,2026-04-06 22:04:53,WIRE,COMPLETED,CUST-00077,
TR-2026-04-14-7755,AE07-***-1915,IN79-***-5681,"AED 22,443.85",2026-04-05 19:45:19,2026-04-06 02:45:12,ACH,COMPLETED,CUST-00002,Family support
TR-2026-04-16-7178,AE07-***-3802,PH28-***-9628,"AED 45,458.05",2026-04-10 12:51:30,2026-04-10 23:32:26,INSTANT_REMITTANCE,COMPLETED,CUST-00079,
TR-2026-04-05-6395,AE07-***-6829,BD83-***-5902,"AED 39,808.83",2026-04-19 03:13:35,2026-04-19 06:21:53,ACH,COMPLETED,CUST-00080,
TR-2026-04-12-2115,AE07-***-2839,AE20-***-9924,"AED 24,634.68",2026-04-06 19:20:36,2026-04-07 15:37:01,WIRE,COMPLETED,CUST-00072,
TR-2026-04-27-5878,AE07-***-4273,AE86-***-2598,"AED 8,777.00",2026-04-02 13:24:17,2026-04-02 17:33:16,P2P,COMPLETED,CUST-00003,Bills
TR-2026-04-20-1977,AE07-***-9207,AE62-***-4224,"AED 49,683.46",2026-04-09 18:06:52,,WIRE,PENDING,CUST-00003,
TR-2026-03-31-8444,AE07-***-9900,BD13-***-0826,"AED 46,335.27",2026-04-05 17:53:42,,P2P,RETURNED,CUST-00070,Bills
TR-2026-04-08-1669,AE07-***-9215,AE64-***-1727,"AED 8,393.96",2026-04-21 06:27:04,2026-04-21 17:05:14,WIRE,COMPLETED,CUST-00054,
TR-2026-04-13-8288,AE07-***-8165,EG12-***-2527,"AED 32,372.29",2026-04-10 18:09:15,,P2P,PENDING,CUST-00009,Family support
TR-2026-04-14-0107,AE07-***-4019,IN43-***-4698,"AED 25,275.89",2026-04-22 20:41:44,2026-04-23 11:48:21,WIRE,COMPLETED,CUST-00058,Rent
TR-2026-04-07-4021,AE07-***-2483,PH53-***-3738,"AED 6,942.82",2026-04-06 04:23:07,,INSTANT_REMITTANCE,PENDING,CUST-00067,Bills
TR-2026-04-02-5927,AE07-***-0487,IN18-***-0162,"AED 35,895.41",2026-04-01 21:14:43,2026-04-02 11:52:09,P2P,COMPLETED,CUST-00005,Salary
TR-2026-04-14-1007,AE07-***-6443,AE84-***-2473,"AED 45,130.43",2026-04-24 04:38:49,2026-04-25 00:48:12,WIRE,COMPLETED,CUST-00074,Rent
TR-2026-04-04-5139,AE07-***-5638,AE35-***-8647,"AED 30,539.53",2026-04-19 20:53:37,2026-04-20 16:42:56,INSTANT_REMITTANCE,COMPLETED,CUST-00066,Bills
TR-2026-04-02-7244,AE07-***-5656,BD51-***-3232,"AED 44,054.69",2026-04-22 21:48:21,2026-04-23 02:23:37,WIRE,COMPLETED,CUST-00003,Bills
TR-2026-04-10-4651,AE07-***-3501,AE65-***-9040,"AED 15,647.01",2026-04-10 11:02:44,2026-04-11 06:42:15,P2P,COMPLETED,CUST-00051,Bills
TR-2026-04-19-3954,AE07-***-4979,EG54-***-8278,"AED 5,566.57",2026-04-24 02:09:30,2026-04-24 15:03:52,WIRE,COMPLETED,CUST-00064,
TR-2026-04-26-2043,AE07-***-7352,AE73-***-0085,"AED 22,684.70",2026-04-15 12:55:37,2026-04-15 23:17:12,ACH,COMPLETED,CUST-00078,
TR-2026-04-02-9384,AE07-***-2293,EG48-***-8514,"AED 36,888.74",2026-04-21 21:24:07,,ACH,PENDING,CUST-00061,Rent
TR-2026-04-13-1605,AE07-***-2401,EG54-***-6751,"AED 4,143.26",2026-04-23 23:32:21,2026-04-24 15:47:01,ACH,COMPLETED,CUST-00068,
TR-2026-04-16-8622,AE07-***-6598,PK71-***-8502,"AED 38,952.29",2026-04-14 04:46:29,2026-04-14 20:47:52,INSTANT_REMITTANCE,COMPLETED,CUST-00078,
TR-2026-03-29-8020,AE07-***-6830,AE18-***-8286,"AED 6,399.84",2026-04-04 18:43:34,2026-04-05 11:18:29,P2P,COMPLETED,CUST-00009,Family support
TR-2026-04-26-2569,AE07-***-9159,AE15-***-9856,"AED 42,623.27",2026-04-21 15:26:57,2026-04-21 16:54:57,WIRE,COMPLETED,CUST-00008,Bills
TR-2026-04-23-1929,AE07-***-6086,AE47-***-4968,"AED 14,734.37",2026-04-25 15:24:13,2026-04-26 06:45:34,ACH,COMPLETED,CUST-00010,
TR-2026-03-29-4999,AE07-***-4644,AE23-***-8008,AED 154.18,2026-03-31 10:04:23,,P2P,PENDING,CUST-00063,Family support
TR-2026-04-12-9389,AE07-***-5074,PK57-***-5534,"AED 39,078.40",2026-04-03 22:19:12,2026-04-04 16:41:53,ACH,COMPLETED,CUST-00079,
TR-2026-04-13-7371,AE07-***-7357,AE93-***-5328,"AED 4,511.28",2026-04-07 02:44:55,,ACH,FAILED,CUST-00065,Rent
TR-2026-04-10-0750,AE07-***-7259,EG35-***-1450,"AED 43,304.38",2026-04-25 19:06:05,2026-04-25 23:36:30,WIRE,COMPLETED,CUST-00077,
TR-2026-04-10-1395,AE07-***-3152,PK69-***-9451,"AED 37,892.88",2026-03-30 07:37:02,2026-03-31 01:55:04,ACH,COMPLETED,CUST-00074,
TR-2026-04-24-8713,AE07-***-2944,AE35-***-3371,"AED 12,302.07",2026-03-29 20:46:20,,P2P,PENDING,CUST-00069,Bills
TR-2026-04-17-6583,AE07-***-9648,AE62-***-0381,"AED 17,030.83",2026-04-18 05:41:35,,P2P,PENDING,CUST-00067,Rent
TR-2026-04-15-4213,AE07-***-1491,AE12-***-8876,"AED 8,449.39",2026-04-20 00:11:17,2026-04-20 05:48:12,WIRE,COMPLETED,CUST-00052,Rent
TR-2026-03-28-6672,AE07-***-2772,AE78-***-5329,"AED 9,113.82",2026-04-24 03:50:26,2026-04-24 09:01:39,INSTANT_REMITTANCE,COMPLETED,CUST-00060,Family support
TR-2026-03-30-5311,AE07-***-4225,IN15-***-0849,"AED 10,167.84",2026-03-29 00:26:22,2026-03-29 18:48:18,ACH,COMPLETED,CUST-00078,Family support
TR-2026-03-28-1885,AE07-***-4412,AE40-***-7615,"AED 27,678.40",2026-04-23 19:44:09,2026-04-24 04:14:46,P2P,COMPLETED,CUST-00071,
TR-2026-04-19-9077,AE07-***-9603,BD12-***-4035,"AED 38,160.77",2026-04-20 21:41:56,2026-04-21 20:50:52,INSTANT_REMITTANCE,COMPLETED,CUST-00060,Bills
TR-2026-04-21-2332,AE07-***-6116,PH21-***-4016,"AED 26,899.90",2026-04-06 10:17:34,2026-04-07 03:12:37,INSTANT_REMITTANCE,COMPLETED,CUST-00076,Bills
TR-2026-04-18-2742,AE07-***-0008,AE61-***-4477,"AED 29,913.49",2026-04-08 13:05:21,2026-04-09 07:40:11,ACH,COMPLETED,CUST-00063,Rent
TR-2026-04-26-2644,AE07-***-8750,PK08-***-4925,"AED 4,531.27",2026-04-21 00:43:18,,WIRE,PENDING,CUST-00009,Salary
TR-2026-04-08-8270,AE07-***-5215,BD43-***-4282,"AED 48,983.04",2026-04-05 00:32:43,2026-04-05 12:15:21,ACH,COMPLETED,CUST-00058,Rent
TR-2026-04-21-7533,AE07-***-9822,AE02-***-2190,"AED 32,339.84",2026-04-26 21:36:53,2026-04-26 21:57:49,INSTANT_REMITTANCE,COMPLETED,CUST-00079,
TR-2026-04-22-6769,AE07-***-9106,EG90-***-8011,"AED 38,135.14",2026-03-31 21:01:54,2026-04-01 13:14:25,P2P,COMPLETED,CUST-00006,
TR-2026-04-24-5783,AE07-***-6166,PK45-***-6336,"AED 8,900.47",2026-04-26 14:10:37,2026-04-26 21:12:13,INSTANT_REMITTANCE,COMPLETED,CUST-00008,Family support
TR-2026-04-27-3629,AE07-***-0324,AE87-***-5862,"AED 9,616.01",2026-03-28 05:17:15,2026-03-28 23:16:00,ACH,COMPLETED,CUST-00060,Rent
TR-2026-04-26-4599,AE07-***-8074,EG90-***-9929,"AED 10,493.86",2026-04-17 11:32:33,,P2P,PENDING,CUST-00066,Bills
TR-2026-04-11-8093,AE07-***-2793,PH24-***-9268,"AED 33,625.17",2026-03-28 17:29:10,2026-03-28 22:09:20,ACH,COMPLETED,CUST-00077,
TR-2026-04-25-2087,AE07-***-4253,PK29-***-8570,"AED 36,458.50",2026-04-13 16:23:06,,P2P,RETURNED,CUST-00053,
TR-2026-04-06-8731,AE07-***-4143,BD71-***-7437,AED 147.65,2026-04-06 06:22:33,2026-04-06 21:11:24,WIRE,COMPLETED,CUST-00004,Rent
TR-2026-04-24-8491,AE07-***-7644,IN46-***-8474,"AED 37,963.13",2026-04-16 02:22:57,,WIRE,FAILED,CUST-00004,Bills
TR-2026-04-13-5181,AE07-***-0084,IN24-***-5483,"AED 4,136.35",2026-03-30 05:46:55,,ACH,RETURNED,CUST-00002,Family support
TR-2026-03-28-1219,AE07-***-4095,AE21-***-5394,"AED 15,574.75",2026-04-22 07:18:22,2026-04-22 08:10:51,INSTANT_REMITTANCE,COMPLETED,CUST-00002,Bills
TR-2026-04-02-5477,AE07-***-4102,AE13-***-7759,"AED 11,956.04",2026-04-10 10:56:13,2026-04-10 19:33:24,WIRE,COMPLETED,CUST-00004,
TR-2026-04-03-9829,AE07-***-7184,AE80-***-7314,"AED 28,967.78",2026-04-22 20:20:42,2026-04-22 22:42:46,P2P,COMPLETED,CUST-00004,Salary
TR-2026-04-26-7240,AE07-***-0897,AE78-***-7075,"AED 3,336.22",2026-04-24 07:00:00,2026-04-24 20:53:19,P2P,COMPLETED,CUST-00076,Family support
TR-2026-04-24-6735,AE07-***-3819,PK84-***-0173,"AED 22,697.89",2026-04-04 11:09:26,2026-04-04 12:06:11,P2P,COMPLETED,CUST-00068,Family support
TR-2026-04-11-5377,AE07-***-9630,AE13-***-1682,AED 663.81,2026-04-23 17:18:18,,ACH,FAILED,CUST-00078,Salary
TR-2026-04-07-8337,AE07-***-4198,AE53-***-7887,"AED 36,244.92",2026-04-05 09:58:31,2026-04-05 11:34:48,ACH,COMPLETED,CUST-00052,
TR-2026-04-23-5106,AE07-***-9576,IN65-***-5861,"AED 15,593.85",2026-03-31 17:31:19,2026-04-01 15:29:19,ACH,COMPLETED,CUST-00010,Rent
TR-2026-04-18-6042,AE07-***-0132,PH75-***-2369,"AED 2,913.02",2026-04-02 09:10:36,2026-04-02 16:17:29,P2P,COMPLETED,CUST-00076,Salary
TR-2026-04-07-3297,AE07-***-1120,AE24-***-7794,"AED 34,754.34",2026-04-04 07:26:13,,WIRE,PENDING,CUST-00079,Bills
TR-2026-03-28-5499,AE07-***-4909,IN42-***-2658,"AED 5,287.15",2026-04-24 22:50:34,,ACH,FAILED,CUST-00072,
TR-2026-04-20-3772,AE07-***-7643,PK27-***-3916,"AED 24,063.27",2026-04-10 21:45:25,2026-04-10 22:00:07,ACH,COMPLETED,CUST-00065,Rent
TR-2026-04-27-1208,AE07-***-5863,AE71-***-1887,"AED 7,162.98",2026-04-05 14:53:15,2026-04-05 15:58:06,WIRE,COMPLETED,CUST-00053,Salary
TR-2026-04-21-4654,AE07-***-2853,AE33-***-2855,"AED 17,023.88",2026-03-31 01:57:18,2026-03-31 08:21:57,ACH,COMPLETED,CUST-00056,Rent
TR-2026-03-29-1657,AE07-***-0343,BD17-***-6208,"AED 32,760.72",2026-04-21 14:42:43,2026-04-21 23:27:20,ACH,COMPLETED,CUST-00062,Rent
TR-2026-04-02-6100,AE07-***-2807,PH79-***-7106,"AED 43,925.47",2026-04-23 19:49:47,,ACH,PENDING,CUST-00008,Salary
TR-2026-04-02-3107,AE07-***-3140,PH48-***-6131,"AED 15,931.68",2026-04-06 03:32:58,2026-04-07 00:56:00,P2P,COMPLETED,CUST-00056,Salary
TR-2026-03-31-8773,AE07-***-4819,AE41-***-4049,"AED 2,710.29",2026-04-13 09:41:28,2026-04-13 12:39:19,INSTANT_REMITTANCE,COMPLETED,CUST-00009,Family support
TR-2026-04-02-1062,AE07-***-2743,PH49-***-8342,"AED 18,744.59",2026-04-01 19:26:48,2026-04-02 09:03:34,ACH,COMPLETED,CUST-00070,Bills
TR-2026-04-05-7918,AE07-***-8106,IN34-***-9522,"AED 20,077.26",2026-03-29 15:36:40,2026-03-29 23:00:08,ACH,COMPLETED,CUST-00003,Family support
TR-2026-03-31-3840,AE07-***-6486,AE39-***-6963,"AED 44,441.01",2026-03-30 06:18:19,2026-03-30 09:23:29,WIRE,COMPLETED,CUST-00051,Salary
TR-2026-04-03-1376,AE07-***-4834,IN66-***-5760,"AED 11,547.37",2026-04-25 00:03:55,2026-04-25 17:05:18,WIRE,COMPLETED,CUST-00070,Family support
TR-2026-04-14-6021,AE07-***-8151,AE34-***-6264,"AED 1,284.67",2026-04-05 13:23:45,2026-04-06 02:28:13,WIRE,COMPLETED,CUST-00055,
TR-2026-04-18-8220,AE07-***-8401,PH82-***-1280,"AED 39,304.37",2026-04-15 22:39:43,2026-04-16 00:03:21,P2P,COMPLETED,CUST-00007,Bills
TR-2026-04-21-5468,AE07-***-3221,BD42-***-4096,"AED 15,170.64",2026-04-13 16:13:33,,ACH,RETURNED,CUST-00053,
TR-2026-04-04-8898,AE07-***-4278,AE98-***-4906,"AED 14,128.17",2026-04-10 04:08:39,,INSTANT_REMITTANCE,PENDING,CUST-00066,
TR-2026-04-27-7733,AE07-***-8399,AE50-***-3728,"AED 11,384.97",2026-04-16 19:28:41,2026-04-17 15:35:54,ACH,COMPLETED,CUST-00071,Family support
TR-2026-04-04-7559,AE07-***-5581,AE40-***-3077,"AED 21,468.21",2026-04-06 17:21:31,2026-04-07 13:41:28,INSTANT_REMITTANCE,COMPLETED,CUST-00054,
TR-2026-04-16-2276,AE07-***-9461,AE39-***-0158,"AED 25,015.02",2026-04-09 18:47:18,2026-04-10 09:28:29,ACH,COMPLETED,CUST-00062,
TR-2026-04-10-4909,AE07-***-5342,PK02-***-9299,"AED 39,278.62",2026-04-20 05:53:47,2026-04-21 03:51:04,WIRE,COMPLETED,CUST-00010,Bills
TR-2026-04-09-6404,AE07-***-6247,AE50-***-1043,"AED 26,747.80",2026-04-17 20:34:11,2026-04-18 13:00:35,P2P,COMPLETED,CUST-00071,
TR-2026-03-30-4991,AE07-***-1527,AE13-***-9058,"AED 8,922.92",2026-03-28 17:01:49,2026-03-28 19:33:38,P2P,COMPLETED,CUST-00072,Family support
TR-2026-04-18-3373,AE07-***-3818,AE84-***-8591,"AED 3,545.47",2026-04-24 05:03:44,2026-04-24 20:01:17,P2P,COMPLETED,CUST-00064,Family support
TR-2026-04-22-1814,AE07-***-2115,PH53-***-7835,"AED 37,169.98",2026-04-08 02:47:26,,ACH,PENDING,CUST-00054,Rent
TR-2026-04-14-7778,AE07-***-2601,PK73-***-5084,"AED 29,395.22",2026-04-02 14:34:28,2026-04-02 19:46:11,WIRE,COMPLETED,CUST-00070,Family support
TR-2026-04-25-6541,AE07-***-9909,AE67-***-5388,"AED 45,519.61",2026-04-03 03:59:31,2026-04-03 07:18:33,INSTANT_REMITTANCE,COMPLETED,CUST-00070,Rent
TR-2026-04-07-7476,AE07-***-5681,EG91-***-4873,"AED 19,584.96",2026-04-18 11:57:48,2026-04-19 10:27:16,ACH,COMPLETED,CUST-00067,
TR-2026-04-14-7501,AE07-***-6302,BD23-***-9316,"AED 4,821.93",2026-04-24 21:07:38,2026-04-25 19:59:43,ACH,COMPLETED,CUST-00056,Bills
TR-2026-04-18-1093,AE07-***-3559,IN52-***-9057,"AED 6,105.47",2026-04-09 02:23:46,2026-04-09 14:15:58,P2P,COMPLETED,CUST-00005,Family support
TR-2026-04-13-2700,AE07-***-4141,AE64-***-0731,"AED 23,135.27",2026-04-23 10:43:16,2026-04-24 01:15:39,INSTANT_REMITTANCE,COMPLETED,CUST-00070,Salary
TR-2026-04-15-0618,AE07-***-0175,AE14-***-2236,"AED 16,389.16",2026-04-04 11:06:54,2026-04-05 07:04:58,INSTANT_REMITTANCE,COMPLETED,CUST-00072,
TR-2026-04-20-7171,AE07-***-2297,IN35-***-2643,"AED 8,570.93",2026-04-26 02:57:06,2026-04-26 07:28:19,P2P,COMPLETED,CUST-00079,Bills
TR-2026-04-04-6403,AE07-***-2759,AE85-***-0183,"AED 33,885.29",2026-04-19 13:09:50,2026-04-19 14:25:05,WIRE,COMPLETED,CUST-00069,
TR-2026-04-10-3541,AE07-***-7242,EG06-***-8566,"AED 32,068.56",2026-04-22 00:14:14,2026-04-22 22:01:02,WIRE,COMPLETED,CUST-00065,
TR-2026-04-26-6183,AE07-***-3305,AE47-***-3908,"AED 10,039.29",2026-04-26 05:18:50,,P2P,RETURNED,CUST-00067,Rent
TR-2026-04-01-3148,AE07-***-1035,AE12-***-2750,"AED 36,214.37",2026-04-24 20:43:19,,P2P,PENDING,CUST-00067,Rent
TR-2026-04-10-3105,AE07-***-3393,PH50-***-7010,"AED 6,084.16",2026-04-16 14:55:42,2026-04-16 15:28:28,WIRE,COMPLETED,CUST-00007,Family support
TR-2026-04-07-5181,AE07-***-0196,IN27-***-7516,"AED 11,043.80",2026-04-13 11:34:25,2026-04-13 19:31:53,WIRE,COMPLETED,CUST-00080,Family support
TR-2026-04-18-9811,AE07-***-8185,AE91-***-8784,"AED 39,573.43",2026-03-30 08:49:41,,WIRE,RETURNED,CUST-00051,Bills
TR-2026-04-17-6366,AE07-***-2177,AE22-***-5209,"AED 48,902.18",2026-04-03 14:16:39,2026-04-04 11:34:41,WIRE,COMPLETED,CUST-00005,Family support
TR-2026-04-15-8372,AE07-***-3808,PH75-***-0217,"AED 11,668.66",2026-03-28 01:54:07,2026-03-28 17:30:12,WIRE,COMPLETED,CUST-00008,Salary
TR-2026-04-08-1300,AE07-***-0981,AE47-***-8171,"AED 14,865.91",2026-04-19 15:17:28,2026-04-19 23:57:32,ACH,COMPLETED,CUST-00065,
TR-2026-04-08-7270,AE07-***-5385,AE35-***-5202,"AED 32,197.92",2026-04-25 01:51:15,2026-04-25 12:21:24,INSTANT_REMITTANCE,COMPLETED,CUST-00074,
TR-2026-04-20-5427,AE07-***-5615,AE26-***-8836,"AED 2,751.00",2026-04-14 22:39:55,2026-04-15 05:20:53,INSTANT_REMITTANCE,COMPLETED,CUST-00055,Family support
TR-2026-04-07-0099,AE07-***-1058,IN08-***-3153,"AED 2,652.74",2026-04-20 03:06:12,2026-04-21 00:40:50,ACH,COMPLETED,CUST-00054,Bills
TR-2026-04-01-3348,AE07-***-3871,PH10-***-6983,"AED 36,263.21",2026-04-11 21:07:10,2026-04-12 03:32:36,ACH,COMPLETED,CUST-00051,Bills
TR-2026-04-20-4966,AE07-***-4675,PK57-***-3299,"AED 13,629.45",2026-04-03 15:23:44,2026-04-03 21:30:14,WIRE,COMPLETED,CUST-00006,Family support
TR-2026-04-13-6925,AE07-***-8278,PK94-***-7101,"AED 38,028.21",2026-04-03 14:25:43,2026-04-03 17:27:33,INSTANT_REMITTANCE,COMPLETED,CUST-00002,Rent
TR-2026-04-08-8801,AE07-***-2503,PH93-***-2878,"AED 12,901.72",2026-04-04 11:48:26,2026-04-05 08:16:28,INSTANT_REMITTANCE,COMPLETED,CUST-00060,Bills
TR-2026-04-12-1178,AE07-***-5459,AE91-***-7688,"AED 9,826.00",2026-04-17 19:04:12,,P2P,PENDING,CUST-00001,
TR-2026-04-04-6131,AE07-***-8051,IN53-***-6465,"AED 48,526.11",2026-04-08 21:15:17,2026-04-09 18:40:28,INSTANT_REMITTANCE,COMPLETED,CUST-00065,
TR-2026-04-14-0636,AE07-***-2039,IN72-***-2660,"AED 9,751.70",2026-04-05 19:40:34,2026-04-06 13:27:59,WIRE,COMPLETED,CUST-00057,
TR-2026-04-05-6032,AE07-***-0945,BD49-***-6947,"AED 36,796.43",2026-04-15 05:38:19,,P2P,FAILED,CUST-00071,Rent
TR-2026-04-07-0462,AE07-***-2422,AE77-***-7462,"AED 47,216.05",2026-04-19 20:18:17,2026-04-20 02:10:56,ACH,COMPLETED,CUST-00057,
TR-2026-04-24-1512,AE07-***-6297,IN90-***-9603,"AED 48,708.57",2026-04-23 02:23:15,,ACH,PENDING,CUST-00074,Salary
TR-2026-04-01-6993,AE07-***-4143,EG38-***-8202,"AED 48,385.79",2026-04-08 10:01:09,2026-04-08 13:15:18,WIRE,COMPLETED,CUST-00078,
TR-2026-04-07-9381,AE07-***-5642,AE34-***-3432,"AED 46,504.34",2026-04-07 16:19:52,,P2P,RETURNED,CUST-00060,Family support
TR-2026-04-27-1587,AE07-***-1144,EG53-***-8600,"AED 20,871.27",2026-04-13 00:03:34,2026-04-13 06:50:46,ACH,COMPLETED,CUST-00068,
TR-2026-04-23-3244,AE07-***-7970,AE64-***-1806,"AED 22,560.51",2026-04-16 16:20:03,2026-04-16 22:59:14,ACH,COMPLETED,CUST-00052,Salary
TR-2026-04-19-6697,AE07-***-7220,BD79-***-1789,"AED 43,424.68",2026-04-18 22:26:57,2026-04-19 02:59:20,WIRE,COMPLETED,CUST-00006,Rent
TR-2026-04-25-5605,AE07-***-0486,PK30-***-7829,"AED 24,285.46",2026-04-22 02:32:56,2026-04-22 02:48:44,P2P,COMPLETED,CUST-00001,
TR-2026-04-09-0685,AE07-***-1586,AE66-***-0118,"AED 18,814.51",2026-04-01 18:04:12,2026-04-02 06:20:28,INSTANT_REMITTANCE,COMPLETED,CUST-00058,Bills
TR-2026-04-14-5514,AE07-***-6074,BD43-***-5164,"AED 40,851.52",2026-04-09 11:09:33,2026-04-10 00:07:19,INSTANT_REMITTANCE,COMPLETED,CUST-00066,Rent
TR-2026-04-02-1641,AE07-***-0050,IN89-***-6583,"AED 36,274.75",2026-04-20 06:12:47,,P2P,PENDING,CUST-00002,Rent
TR-2026-03-28-4072,AE07-***-6036,IN79-***-7785,"AED 25,769.95",2026-04-17 21:02:24,2026-04-18 10:09:17,WIRE,COMPLETED,CUST-00001,
TR-2026-04-02-5333,AE07-***-7279,AE77-***-7938,"AED 20,038.25",2026-03-28 06:16:42,2026-03-28 23:36:49,WIRE,COMPLETED,CUST-00006,
TR-2026-03-31-1645,AE07-***-6305,AE77-***-3196,"AED 35,611.50",2026-04-01 18:05:34,2026-04-01 21:15:50,P2P,COMPLETED,CUST-00077,Rent
TR-2026-04-01-8990,AE07-***-7648,AE57-***-1895,"AED 24,134.32",2026-03-31 18:04:35,2026-03-31 21:19:58,ACH,COMPLETED,CUST-00056,
TR-2026-04-14-0478,AE07-***-2625,AE49-***-4593,"AED 11,057.78",2026-04-14 11:50:28,2026-04-15 07:18:12,P2P,COMPLETED,CUST-00071,
TR-2026-04-04-8060,AE07-***-1481,EG42-***-3666,"AED 46,592.41",2026-03-28 20:09:28,2026-03-29 10:03:12,WIRE,COMPLETED,CUST-00005,
TR-2026-04-07-9206,AE07-***-7159,AE28-***-4244,"AED 5,828.71",2026-04-22 17:50:42,2026-04-23 15:24:23,P2P,COMPLETED,CUST-00008,Salary
TR-2026-04-04-1902,AE07-***-9385,AE16-***-5134,"AED 47,705.73",2026-03-29 23:50:36,2026-03-30 19:20:39,WIRE,COMPLETED,CUST-00001,Salary
TR-2026-03-31-6359,AE07-***-6941,AE98-***-5980,"AED 39,886.03",2026-04-20 20:50:29,2026-04-20 21:10:34,ACH,COMPLETED,CUST-00074,Bills
TR-2026-03-31-7546,AE07-***-5176,AE37-***-3586,"AED 25,016.64",2026-04-04 20:58:22,2026-04-04 22:13:24,WIRE,COMPLETED,CUST-00010,Bills
TR-2026-04-17-5060,AE07-***-8230,EG15-***-4480,"AED 49,842.59",2026-03-30 03:16:28,2026-03-30 16:59:24,ACH,COMPLETED,CUST-00071,
TR-2026-04-02-5458,AE07-***-2501,EG26-***-3687,"AED 35,035.35",2026-04-24 10:45:21,2026-04-24 21:38:45,INSTANT_REMITTANCE,COMPLETED,CUST-00052,
TR-2026-03-29-2608,AE07-***-0353,PH50-***-5528,"AED 21,150.75",2026-04-04 00:25:26,2026-04-04 19:38:32,INSTANT_REMITTANCE,COMPLETED,CUST-00063,
TR-2026-04-18-4626,AE07-***-3196,EG70-***-6451,"AED 4,911.11",2026-04-11 07:11:25,,P2P,PENDING,CUST-00078,
TR-2026-04-18-7496,AE07-***-2681,PK17-***-7239,"AED 34,812.98",2026-04-12 20:51:56,2026-04-13 03:59:21,ACH,COMPLETED,CUST-00010,
TR-2026-04-07-0149,AE07-***-5934,EG73-***-1670,"AED 33,931.97",2026-04-19 20:01:38,2026-04-20 02:09:08,INSTANT_REMITTANCE,COMPLETED,CUST-00065,
TR-2026-04-24-5825,AE07-***-7763,AE06-***-1922,"AED 49,014.82",2026-04-10 13:38:08,,INSTANT_REMITTANCE,RETURNED,CUST-00078,
TR-2026-04-04-6619,AE07-***-4014,AE15-***-3946,"AED 19,862.41",2026-04-12 07:20:28,2026-04-12 21:00:29,ACH,COMPLETED,CUST-00079,
TR-2026-04-02-1468,AE07-***-7596,BD48-***-4509,"AED 31,635.06",2026-04-05 09:23:59,2026-04-05 12:24:31,P2P,COMPLETED,CUST-00064,
TR-2026-04-12-8351,AE07-***-3685,AE75-***-9387,"AED 49,368.10",2026-04-03 17:20:39,2026-04-03 23:56:16,P2P,COMPLETED,CUST-00058,Family support
TR-2026-04-12-7105,AE07-***-4888,PK16-***-1629,"AED 16,295.19",2026-03-31 21:45:16,,INSTANT_REMITTANCE,PENDING,CUST-00052,
TR-2026-04-15-9110,AE07-***-8788,PH62-***-1047,"AED 25,969.11",2026-03-29 14:45:01,2026-03-29 22:18:14,P2P,COMPLETED,CUST-00075,
TR-2026-03-30-1922,AE07-***-2960,PK88-***-2948,AED 315.93,2026-04-05 06:56:10,2026-04-06 03:52:28,P2P,COMPLETED,CUST-00061,Salary
TR-2026-04-07-2641,AE07-***-1438,PH32-***-0573,"AED 4,276.29",2026-04-20 22:41:39,2026-04-21 18:30:59,WIRE,COMPLETED,CUST-00073,Salary
TR-2026-04-14-0001,AE07-***-4068,AE05-***-8510,"AED 45,235.74",2026-04-12 18:10:05,2026-04-13 12:01:29,INSTANT_REMITTANCE,COMPLETED,CUST-00075,
TR-2026-04-17-8563,AE07-***-5769,PK68-***-8365,"AED 10,531.48",2026-04-22 04:38:46,2026-04-22 09:48:15,ACH,COMPLETED,CUST-00003,Rent
TR-2026-03-31-3526,AE07-***-2198,PK70-***-3539,"AED 29,609.57",2026-04-13 12:48:39,2026-04-13 22:05:39,INSTANT_REMITTANCE,COMPLETED,CUST-00009,Rent
TR-2026-04-15-2675,AE07-***-6554,IN10-***-4164,"AED 33,842.46",2026-04-20 01:06:32,2026-04-20 10:55:03,ACH,COMPLETED,CUST-00075,
TR-2026-04-05-3156,AE07-***-6097,PK84-***-8379,"AED 30,266.99",2026-04-06 15:01:48,,WIRE,RETURNED,CUST-00010,Family support
TR-2026-04-15-0424,AE07-***-9889,AE09-***-4425,"AED 6,274.83",2026-04-21 15:51:08,2026-04-22 15:09:38,INSTANT_REMITTANCE,COMPLETED,CUST-00076,
TR-2026-04-16-5464,AE07-***-4476,AE28-***-4483,AED 542.67,2026-04-08 16:34:54,,INSTANT_REMITTANCE,RETURNED,CUST-00055,
TR-2026-04-22-8625,AE07-***-5022,PK62-***-1565,"AED 26,471.56",2026-03-30 05:23:16,2026-03-30 07:08:03,WIRE,COMPLETED,CUST-00059,Salary
TR-2026-04-17-6382,AE07-***-2960,AE94-***-8711,"AED 27,606.00",2026-04-07 10:52:39,2026-04-08 05:34:34,ACH,COMPLETED,CUST-00071,
TR-2026-04-23-2070,AE07-***-2337,IN72-***-4380,"AED 2,690.59",2026-04-09 00:44:36,2026-04-09 07:24:36,INSTANT_REMITTANCE,COMPLETED,CUST-00056,Family support
TR-2026-04-16-7678,AE07-***-8228,AE35-***-7008,"AED 26,053.70",2026-04-15 21:28:14,,P2P,FAILED,CUST-00060,Family support
TR-2026-04-03-5123,AE07-***-1476,BD10-***-1256,"AED 36,511.15",2026-04-22 10:54:33,2026-04-22 21:19:01,P2P,COMPLETED,CUST-00051,Bills
TR-2026-03-29-8074,AE07-***-0175,IN86-***-8334,"AED 46,625.45",2026-04-20 09:02:58,2026-04-21 04:26:02,INSTANT_REMITTANCE,COMPLETED,CUST-00071,
TR-2026-04-24-6643,AE07-***-0227,PK24-***-0119,"AED 35,722.30",2026-04-01 01:28:00,,ACH,RETURNED,CUST-00063,
TR-2026-03-28-8652,AE07-***-9981,AE77-***-7350,"AED 48,234.14",2026-04-01 14:03:34,2026-04-01 18:54:49,ACH,COMPLETED,CUST-00055,Bills
TR-2026-04-16-0834,AE07-***-6925,IN48-***-2793,"AED 18,695.52",2026-04-21 12:04:25,,ACH,PENDING,CUST-00062,
TR-2026-04-18-4901,AE07-***-7915,AE33-***-3490,AED 161.60,2026-03-30 09:15:04,,ACH,FAILED,CUST-00066,
TR-2026-04-11-0580,AE07-***-7586,PK62-***-0942,"AED 17,819.42",2026-03-28 02:51:20,2026-03-28 06:45:27,WIRE,COMPLETED,CUST-00070,
TR-2026-04-16-3050,AE07-***-6587,AE01-***-1660,"AED 21,568.65",2026-04-17 09:50:39,2026-04-18 03:35:26,ACH,COMPLETED,CUST-00006,
TR-2026-04-23-4098,AE07-***-3704,IN50-***-6132,"AED 14,999.28",2026-04-06 04:56:46,2026-04-06 20:54:51,WIRE,COMPLETED,CUST-00052,
TR-2026-04-01-7198,AE07-***-2651,AE45-***-7110,AED 340.22,2026-04-17 08:46:20,2026-04-17 13:38:22,ACH,COMPLETED,CUST-00008,Family support
TR-2026-04-14-5426,AE07-***-0517,AE85-***-3260,"AED 47,421.37",2026-04-14 02:19:16,2026-04-14 20:21:52,INSTANT_REMITTANCE,COMPLETED,CUST-00008,
TR-2026-04-05-2087,AE07-***-5322,IN64-***-6370,"AED 6,614.31",2026-04-21 18:18:41,2026-04-22 12:30:58,ACH,COMPLETED,CUST-00002,
TR-2026-04-03-3874,AE07-***-0852,BD43-***-7039,"AED 48,823.10",2026-04-26 14:38:45,2026-04-27 08:20:17,INSTANT_REMITTANCE,COMPLETED,CUST-00068,
TR-2026-04-03-7027,AE07-***-4059,PK19-***-8376,"AED 9,383.67",2026-04-13 08:26:59,,WIRE,RETURNED,CUST-00008,Salary
TR-2026-04-06-7031,AE07-***-3250,IN90-***-1688,"AED 35,072.19",2026-04-02 14:44:19,2026-04-03 12:15:49,ACH,COMPLETED,CUST-00080,
TR-2026-04-07-2436,AE07-***-3758,AE16-***-6574,"AED 1,966.40",2026-04-17 16:05:50,2026-04-17 23:21:58,INSTANT_REMITTANCE,COMPLETED,CUST-00010,
TR-2026-03-31-0834,AE07-***-6231,IN67-***-5020,"AED 35,022.94",2026-04-15 18:22:03,2026-04-15 20:36:05,WIRE,COMPLETED,CUST-00055,Bills
TR-2026-04-14-0846,AE07-***-4985,AE34-***-5956,"AED 14,063.77",2026-04-09 23:01:37,2026-04-10 00:45:31,ACH,COMPLETED,CUST-00067,Salary
TR-2026-04-26-0008,AE07-***-0854,BD95-***-5269,"AED 10,638.28",2026-04-04 02:00:45,2026-04-04 11:11:50,P2P,COMPLETED,CUST-00058,Family support
TR-2026-04-16-5476,AE07-***-4986,AE12-***-0223,"AED 34,163.93",2026-04-20 16:10:49,2026-04-21 05:20:17,WIRE,COMPLETED,CUST-00062,
TR-2026-04-03-9648,AE07-***-8664,PK47-***-3903,"AED 32,529.90",2026-04-16 19:17:37,2026-04-16 23:09:59,INSTANT_REMITTANCE,COMPLETED,CUST-00078,Salary
TR-2026-04-07-9860,AE07-***-1971,AE75-***-3120,"AED 9,686.73",2026-04-05 08:38:26,,P2P,FAILED,CUST-00007,Bills
TR-2026-04-17-4939,AE07-***-7769,AE68-***-2517,"AED 2,238.36",2026-04-17 16:38:44,,WIRE,PENDING,CUST-00067,Bills
TR-2026-04-16-5996,AE07-***-7347,BD91-***-1923,"AED 45,546.92",2026-04-23 17:06:50,2026-04-24 11:27:34,INSTANT_REMITTANCE,COMPLETED,CUST-00071,
TR-2026-04-22-9816,AE07-***-4491,EG16-***-4745,"AED 2,319.99",2026-03-30 12:21:31,2026-03-31 02:49:52,ACH,COMPLETED,CUST-00004,Family support
TR-2026-04-06-8723,AE07-***-8412,AE21-***-7172,"AED 37,548.85",2026-04-08 08:25:57,2026-04-08 18:19:03,INSTANT_REMITTANCE,COMPLETED,CUST-00076,Salary
TR-2026-04-22-0058,AE07-***-2621,PK27-***-9701,"AED 34,851.25",2026-04-02 02:33:00,2026-04-02 10:34:20,WIRE,COMPLETED,CUST-00070,Rent
TR-2026-04-05-4399,AE07-***-9046,AE21-***-3668,"AED 2,328.34",2026-04-15 10:27:27,2026-04-15 20:34:14,P2P,COMPLETED,CUST-00059,Salary
TR-2026-04-19-0844,AE07-***-4079,AE68-***-1903,AED 119.93,2026-04-10 03:10:40,2026-04-10 23:10:35,WIRE,COMPLETED,CUST-00079,Rent
TR-2026-04-04-2189,AE07-***-6690,PK37-***-5318,"AED 49,263.80",2026-04-26 11:52:25,2026-04-26 22:03:25,ACH,COMPLETED,CUST-00063,Salary
TR-2026-04-19-0256,AE07-***-8804,BD99-***-9556,"AED 5,366.81",2026-04-08 10:57:36,,ACH,PENDING,CUST-00057,Salary
TR-2026-04-17-4403,AE07-***-3341,PK80-***-6479,"AED 7,824.29",2026-04-15 18:01:23,2026-04-16 11:27:48,WIRE,COMPLETED,CUST-00068,
TR-2026-04-12-2973,AE07-***-7526,AE22-***-3094,"AED 28,504.42",2026-04-18 05:48:40,2026-04-18 12:16:56,P2P,COMPLETED,CUST-00059,Family support
TR-2026-04-06-9958,AE07-***-3077,AE18-***-1180,"AED 21,348.43",2026-04-04 21:51:31,2026-04-05 02:51:27,P2P,COMPLETED,CUST-00066,
TR-2026-04-03-0193,AE07-***-9884,AE48-***-6291,"AED 1,084.76",2026-04-26 08:12:39,2026-04-26 11:15:17,ACH,COMPLETED,CUST-00003,Rent
TR-2026-04-23-9824,AE07-***-0221,AE13-***-8886,"AED 36,819.77",2026-04-10 13:44:50,2026-04-11 10:14:25,ACH,COMPLETED,CUST-00006,Family support
TR-2026-04-01-2672,AE07-***-5036,AE61-***-2531,"AED 12,228.25",2026-03-31 14:44:45,2026-03-31 16:22:02,P2P,COMPLETED,CUST-00058,
TR-2026-04-10-4861,AE07-***-1680,PH53-***-2323,AED 110.46,2026-04-16 02:39:25,2026-04-16 08:01:22,ACH,COMPLETED,CUST-00002,Rent
TR-2026-04-07-4699,AE07-***-3700,BD49-***-1841,"AED 24,616.44",2026-04-21 15:40:58,,P2P,RETURNED,CUST-00055,Rent
TR-2026-04-16-1249,AE07-***-5467,AE46-***-1389,"AED 44,784.55",2026-03-28 15:41:57,2026-03-29 03:53:26,ACH,COMPLETED,CUST-00010,Bills
TR-2026-04-22-6967,AE07-***-2461,BD87-***-4940,"AED 31,256.68",2026-04-13 01:36:52,2026-04-13 19:47:30,P2P,COMPLETED,CUST-00063,
TR-2026-04-16-4348,AE07-***-1251,AE19-***-2401,"AED 16,046.79",2026-04-08 00:55:07,,INSTANT_REMITTANCE,PENDING,CUST-00069,
TR-2026-04-09-7003,AE07-***-4562,AE11-***-5292,"AED 49,738.85",2026-04-18 04:06:13,2026-04-18 19:32:06,WIRE,COMPLETED,CUST-00065,Family support
TR-2026-04-05-6782,AE07-***-9858,BD42-***-2264,"AED 40,116.94",2026-04-15 01:29:47,2026-04-15 21:06:42,INSTANT_REMITTANCE,COMPLETED,CUST-00065,Bills
TR-2026-04-12-8724,AE07-***-8785,AE49-***-1369,"AED 29,069.15",2026-04-06 12:31:12,2026-04-06 21:05:00,ACH,COMPLETED,CUST-00074,Rent
TR-2026-04-27-3330,AE07-***-0281,AE71-***-7764,"AED 47,882.91",2026-04-21 15:39:31,2026-04-21 20:43:56,WIRE,COMPLETED,CUST-00004,Rent
TR-2026-04-13-2361,AE07-***-9035,IN31-***-3452,"AED 41,399.70",2026-04-24 06:54:43,,P2P,RETURNED,CUST-00009,
TR-2026-04-23-6184,AE07-***-0431,EG54-***-6089,"AED 2,751.46",2026-04-21 20:29:23,2026-04-22 18:06:51,P2P,COMPLETED,CUST-00078,Salary
TR-2026-04-27-2406,AE07-***-5984,AE10-***-4014,"AED 3,899.41",2026-03-30 08:51:13,2026-03-31 01:57:27,ACH,COMPLETED,CUST-00067,
TR-2026-04-23-8641,AE07-***-4907,IN52-***-5526,"AED 22,226.48",2026-04-26 08:36:36,2026-04-27 08:00:04,P2P,COMPLETED,CUST-00059,
TR-2026-04-08-2843,AE07-***-8245,AE01-***-6494,"AED 41,642.37",2026-04-04 22:42:23,,WIRE,FAILED,CUST-00076,Bills
TR-2026-04-18-3724,AE07-***-6941,AE34-***-1506,"AED 26,098.98",2026-04-20 22:12:33,2026-04-21 06:10:46,INSTANT_REMITTANCE,COMPLETED,CUST-00054,Family support
TR-2026-04-22-9163,AE07-***-9913,AE88-***-7674,"AED 23,896.94",2026-04-07 08:01:28,2026-04-07 21:32:59,ACH,COMPLETED,CUST-00065,
TR-2026-04-14-3190,AE07-***-4422,AE13-***-1274,"AED 18,166.95",2026-04-10 17:08:50,2026-04-11 12:51:55,ACH,COMPLETED,CUST-00002,
TR-2026-04-25-3471,AE07-***-9783,AE96-***-5064,"AED 9,427.80",2026-04-17 04:58:21,2026-04-18 01:43:49,ACH,COMPLETED,CUST-00003,Bills
TR-2026-04-26-9236,AE07-***-7926,AE06-***-5154,"AED 4,705.89",2026-04-12 00:26:58,2026-04-12 14:56:43,WIRE,COMPLETED,CUST-00001,Bills
TR-2026-04-21-5152,AE07-***-6400,EG45-***-2122,"AED 35,147.71",2026-04-22 06:32:40,,INSTANT_REMITTANCE,PENDING,CUST-00062,Bills
TR-2026-04-24-8227,AE07-***-2460,AE75-***-6260,"AED 23,873.80",2026-04-25 04:24:59,2026-04-25 21:16:40,ACH,COMPLETED,CUST-00059,
TR-2026-03-30-1528,AE07-***-3794,AE87-***-2307,"AED 38,452.84",2026-04-19 04:22:00,2026-04-19 09:08:37,WIRE,COMPLETED,CUST-00073,Rent
TR-2026-04-18-5903,AE07-***-7059,AE91-***-6350,"AED 11,993.58",2026-03-28 08:50:51,,P2P,RETURNED,CUST-00079,Bills
TR-2026-04-07-8151,AE07-***-1595,AE18-***-5071,"AED 27,379.45",2026-04-22 18:26:33,2026-04-23 00:37:19,P2P,COMPLETED,CUST-00072,Rent
TR-2026-04-22-1116,AE07-***-4589,PK46-***-5789,"AED 4,507.00",2026-04-18 07:13:59,,WIRE,RETURNED,CUST-00070,Rent
TR-2026-04-03-7242,AE07-***-2301,AE72-***-7999,"AED 2,027.65",2026-04-13 02:03:28,,INSTANT_REMITTANCE,PENDING,CUST-00066,
TR-2026-04-23-7222,AE07-***-6008,PH79-***-5138,"AED 18,715.47",2026-04-06 22:35:38,2026-04-07 00:08:52,INSTANT_REMITTANCE,COMPLETED,CUST-00073,Bills
TR-2026-04-07-0934,AE07-***-4011,EG71-***-0130,"AED 7,770.38",2026-04-21 21:19:09,2026-04-22 11:51:24,INSTANT_REMITTANCE,COMPLETED,CUST-00059,
TR-2026-04-20-6360,AE07-***-7573,BD11-***-5716,"AED 23,320.59",2026-04-01 00:32:42,2026-04-01 04:29:24,P2P,COMPLETED,CUST-00070,Family support
TR-2026-04-03-7096,AE07-***-3268,IN42-***-1056,"AED 15,898.38",2026-03-28 15:51:31,2026-03-29 09:11:51,ACH,COMPLETED,CUST-00072,
TR-2026-04-19-7447,AE07-***-0627,PH19-***-7699,"AED 7,318.41",2026-04-16 15:17:22,,P2P,RETURNED,CUST-00061,Family support
TR-2026-04-26-5922,AE07-***-7046,IN27-***-0886,"AED 10,614.07",2026-04-25 21:16:12,2026-04-26 03:40:55,WIRE,COMPLETED,CUST-00068,
TR-2026-04-23-1134,AE07-***-4487,IN10-***-4887,"AED 43,695.11",2026-04-05 02:03:24,2026-04-05 11:30:11,ACH,COMPLETED,CUST-00067,Salary
TR-2026-04-01-0880,AE07-***-1514,IN43-***-4864,"AED 8,268.44",2026-04-10 01:03:50,2026-04-10 06:54:52,INSTANT_REMITTANCE,COMPLETED,CUST-00067,
TR-2026-04-14-5811,AE07-***-9344,IN01-***-9189,"AED 39,164.47",2026-03-29 00:17:41,2026-03-29 21:21:25,P2P,COMPLETED,CUST-00053,Bills
TR-2026-04-23-5304,AE07-***-5185,AE19-***-7514,"AED 46,694.28",2026-04-02 18:06:14,2026-04-03 08:54:00,P2P,COMPLETED,CUST-00061,Rent
TR-2026-04-11-0060,AE07-***-7381,AE81-***-7361,"AED 31,963.87",2026-03-29 22:08:31,2026-03-30 04:58:28,P2P,COMPLETED,CUST-00007,Family support
TR-2026-04-05-8947,AE07-***-2721,PK48-***-3541,"AED 17,436.87",2026-04-17 17:17:02,2026-04-18 06:31:46,P2P,COMPLETED,CUST-00077,
TR-2026-04-18-5029,AE07-***-8226,AE89-***-8177,"AED 32,463.14",2026-04-04 20:43:28,2026-04-05 16:28:31,INSTANT_REMITTANCE,COMPLETED,CUST-00067,Family support
TR-2026-04-11-5502,AE07-***-1857,AE58-***-7018,"AED 18,687.42",2026-03-31 03:59:44,2026-03-31 17:53:17,ACH,COMPLETED,CUST-00079,Rent
TR-2026-03-31-7167,AE07-***-4640,EG79-***-1625,"AED 49,768.39",2026-04-21 23:03:01,2026-04-22 14:01:29,P2P,COMPLETED,CUST-00006,
TR-2026-04-12-8924,AE07-***-1633,BD56-***-8247,"AED 29,082.62",2026-04-25 09:58:37,2026-04-26 02:31:47,INSTANT_REMITTANCE,COMPLETED,CUST-00059,Bills
TR-2026-04-15-1875,AE07-***-3204,IN15-***-5744,"AED 48,382.42",2026-04-04 11:27:45,2026-04-05 01:06:11,INSTANT_REMITTANCE,COMPLETED,CUST-00067,Salary
TR-2026-04-11-4646,AE07-***-4384,BD33-***-5036,"AED 41,932.28",2026-04-06 20:49:13,,P2P,FAILED,CUST-00056,Family support
TR-2026-04-26-0254,AE07-***-0430,AE47-***-8502,"AED 41,010.72",2026-03-28 21:00:46,2026-03-29 17:50:44,WIRE,COMPLETED,CUST-00061,Family support
TR-2026-04-20-9105,AE07-***-6412,AE78-***-6444,"AED 41,436.07",2026-03-29 22:45:07,,ACH,FAILED,CUST-00068,Family support
TR-2026-04-04-2846,AE07-***-6604,AE66-***-2595,"AED 21,898.21",2026-04-22 03:59:00,2026-04-22 18:15:22,P2P,COMPLETED,CUST-00009,
TR-2026-03-29-4263,AE07-***-9058,AE41-***-3338,"AED 4,708.06",2026-04-25 18:07:38,2026-04-26 15:43:42,P2P,COMPLETED,CUST-00068,Salary
TR-2026-04-27-bad0000,AE07-***-0000,AE07-***-1111,"1,250.00",2026-04-25 15:35:22,,P2P,PENDING,CUST-00080,
TR-2026-04-27-bad0001,AE07-***-0000,AE07-***-1111,"1,250.00",2026-03-31 14:34:33,,P2P,PENDING,CUST-00006,
TR-2026-04-27-bad0002,AE07-***-0000,AE07-***-1111,"1,250.00",2026-03-30 05:48:43,,P2P,PENDING,CUST-00065,
TR-2026-04-27-bad0003,AE07-***-0000,AE07-***-1111,"1,250.00",2026-04-25 18:32:07,,P2P,PENDING,CUST-00009,
TR-2026-04-27-bad0004,AE07-***-0000,AE07-***-1111,"1,250.00",2026-04-04 23:23:39,,P2P,PENDING,CUST-00063,
TR-2026-04-27-bad0005,AE07-***-0000,AE07-***-1111,AED twelve fifty,2026-04-17 22:38:51,,P2P,PENDING,CUST-00056,
TR-2026-04-27-bad0006,AE07-***-0000,AE07-***-1111,AED twelve fifty,2026-04-16 05:38:12,,P2P,PENDING,CUST-00060,
TR-2026-04-27-bad0007,AE07-***-0000,AE07-***-1111,AED twelve fifty,2026-04-17 14:10:23,,P2P,PENDING,CUST-00075,
TR-2026-04-27-bad0008,AE07-***-0000,AE07-***-1111,AED twelve fifty,2026-04-15 02:15:29,,P2P,PENDING,CUST-00065,
TR-2026-04-27-bad0009,AE07-***-0000,AE07-***-1111,AED twelve fifty,2026-04-14 08:31:09,,P2P,PENDING,CUST-00004,
